City,Date,PM2.5,PM10,AQI,AQI_Bucket,,,,,,,,,,3146
Ahmedabad,1/29/2015,83.13,,209,Poor,,,,,,,,,,
Ahmedabad,1/30/2015,79.84,,328,Very Poor,,,,,,,,,,
Ahmedabad,1/31/2015,94.52,,514,Severe,,,,,,,,,,
Ahmedabad,2/1/2015,135.99,,782,Severe,,,,,,,,,,
Ahmedabad,2/2/2015,178.33,,914,Severe,,,,,,,,,,
Ahmedabad,2/3/2015,139.7,,660,Severe,,,,,,,,,,
Ahmedabad,2/4/2015,80.65,,294,Poor,,,,,,,,,,
Ahmedabad,2/5/2015,58.36,,149,Moderate,,,,,,,,,,
Ahmedabad,2/6/2015,79.29,,190,Moderate,,,,,,,,,,
Ahmedabad,2/7/2015,88.7,,247,Poor,,,,,,,,,,
Ahmedabad,2/8/2015,74.28,,379,Very Poor,,,,,,,,,,
Ahmedabad,2/9/2015,113.93,,341,Very Poor,,,,,,,,,,
Ahmedabad,2/10/2015,105.39,,256,Poor,,,,,,,,,,
Ahmedabad,2/11/2015,66.52,,388,Very Poor,,,,,,,,,,
Ahmedabad,2/12/2015,65.04,,288,Poor,,,,,,,,,,
Ahmedabad,2/13/2015,103.36,,510,Severe,,,,,,,,,,
Ahmedabad,2/14/2015,177.33,,761,Severe,,,,,,,,,,
Ahmedabad,2/15/2015,113.25,,475,Severe,,,,,,,,,,
Ahmedabad,2/16/2015,99.7,,536,Severe,,,,,,,,,,
Ahmedabad,2/17/2015,80.61,,479,Severe,,,,,,,,,,
Ahmedabad,2/18/2015,100.79,,592,Severe,,,,,,,,,,
Ahmedabad,2/19/2015,107.99,,427,Severe,,,,,,,,,,
Ahmedabad,2/20/2015,140.29,,588,Severe,,,,,,,,,,
Ahmedabad,2/21/2015,239.96,,1141,Severe,,,,,,,,,,
Ahmedabad,2/22/2015,142.96,,669,Severe,,,,,,,,,,
Ahmedabad,2/23/2015,238.41,,1247,Severe,,,,,,,,,,
Ahmedabad,2/24/2015,118.72,,411,Severe,,,,,,,,,,
Ahmedabad,2/25/2015,52.99,,292,Poor,,,,,,,,,,
Ahmedabad,3/2/2015,60.78,,189,Moderate,,,,,,,,,,
Ahmedabad,3/3/2015,91.83,,408,Severe,,,,,,,,,,
Ahmedabad,3/4/2015,93.88,,383,Very Poor,,,,,,,,,,
Ahmedabad,3/5/2015,173.01,,780,Severe,,,,,,,,,,
Ahmedabad,3/8/2015,71.56,,190,Moderate,,,,,,,,,,
Ahmedabad,3/9/2015,119.8,,233,Poor,,,,,,,,,,
Ahmedabad,3/10/2015,106.71,,297,Poor,,,,,,,,,,
Ahmedabad,3/11/2015,118.49,,330,Very Poor,,,,,,,,,,
Ahmedabad,3/12/2015,106.01,,252,Poor,,,,,,,,,,
Ahmedabad,3/13/2015,97.34,,244,Poor,,,,,,,,,,
Ahmedabad,3/14/2015,83.92,,234,Poor,,,,,,,,,,
Ahmedabad,3/15/2015,49.51,,219,Poor,,,,,,,,,,
Ahmedabad,3/16/2015,30.76,,118,Moderate,,,,,,,,,,
Ahmedabad,3/17/2015,50.29,,231,Poor,,,,,,,,,,
Ahmedabad,3/18/2015,57.69,,286,Poor,,,,,,,,,,
Ahmedabad,3/19/2015,105.06,,883,Severe,,,,,,,,,,
Ahmedabad,3/20/2015,94.1,,720,Severe,,,,,,,,,,
Ahmedabad,3/21/2015,111.89,,570,Severe,,,,,,,,,,
Ahmedabad,3/22/2015,108.59,,589,Severe,,,,,,,,,,
Ahmedabad,3/23/2015,130.76,,818,Severe,,,,,,,,,,
Ahmedabad,3/24/2015,143.55,,737,Severe,,,,,,,,,,
Ahmedabad,3/25/2015,165.07,,585,Severe,,,,,,,,,,
Ahmedabad,3/26/2015,166.85,,616,Severe,,,,,,,,,,
Ahmedabad,3/27/2015,147.38,,437,Severe,,,,,,,,,,
Ahmedabad,3/28/2015,158.25,,321,Very Poor,,,,,,,,,,
Ahmedabad,3/29/2015,237.76,,372,Very Poor,,,,,,,,,,
Ahmedabad,3/30/2015,133.37,,339,Very Poor,,,,,,,,,,
Ahmedabad,3/31/2015,133.3,,339,Very Poor,,,,,,,,,,
Ahmedabad,4/1/2015,96.04,,324,Very Poor,,,,,,,,,,
Ahmedabad,4/2/2015,77.69,,222,Poor,,,,,,,,,,
Ahmedabad,4/3/2015,53.07,,169,Moderate,,,,,,,,,,
Ahmedabad,4/4/2015,63.11,,220,Poor,,,,,,,,,,
Ahmedabad,4/6/2015,120.96,,303,Very Poor,,,,,,,,,,
Ahmedabad,4/7/2015,138.63,,314,Very Poor,,,,,,,,,,
Ahmedabad,4/8/2015,144.36,,378,Very Poor,,,,,,,,,,
Ahmedabad,4/9/2015,85.03,,415,Severe,,,,,,,,,,
Ahmedabad,4/11/2015,61.06,,126,Moderate,,,,,,,,,,
Ahmedabad,4/12/2015,39.42,,175,Moderate,,,,,,,,,,
Ahmedabad,4/13/2015,111.86,,226,Poor,,,,,,,,,,
Ahmedabad,4/14/2015,58.37,,244,Poor,,,,,,,,,,
Ahmedabad,4/15/2015,95.37,,315,Very Poor,,,,,,,,,,
Ahmedabad,4/16/2015,141.3,,678,Severe,,,,,,,,,,
Ahmedabad,4/17/2015,106.68,,774,Severe,,,,,,,,,,
Ahmedabad,4/18/2015,109.48,,285,Poor,,,,,,,,,,
Ahmedabad,4/19/2015,126.04,,321,Very Poor,,,,,,,,,,
Ahmedabad,4/20/2015,71.22,,358,Very Poor,,,,,,,,,,
Ahmedabad,4/21/2015,97.87,,357,Very Poor,,,,,,,,,,
Ahmedabad,4/22/2015,63.38,,189,Moderate,,,,,,,,,,
Ahmedabad,4/24/2015,80.9,,214,Poor,,,,,,,,,,
Ahmedabad,4/25/2015,103.29,,253,Poor,,,,,,,,,,
Ahmedabad,4/26/2015,107.5,,239,Poor,,,,,,,,,,
Ahmedabad,4/29/2015,138.42,,300,Poor,,,,,,,,,,
Ahmedabad,4/30/2015,129.04,,317,Very Poor,,,,,,,,,,
Ahmedabad,5/1/2015,96.65,,240,Poor,,,,,,,,,,
Ahmedabad,5/2/2015,126.77,,344,Very Poor,,,,,,,,,,
Ahmedabad,5/3/2015,106.15,,503,Severe,,,,,,,,,,
Ahmedabad,5/4/2015,86.31,,308,Very Poor,,,,,,,,,,
Ahmedabad,5/5/2015,83.99,,227,Poor,,,,,,,,,,
Ahmedabad,5/6/2015,65.11,,120,Moderate,,,,,,,,,,
Ahmedabad,5/7/2015,51.03,,158,Moderate,,,,,,,,,,
Ahmedabad,5/8/2015,38.73,,177,Moderate,,,,,,,,,,
Ahmedabad,5/9/2015,61.12,,201,Poor,,,,,,,,,,
Ahmedabad,5/10/2015,58.44,,211,Poor,,,,,,,,,,
Ahmedabad,5/11/2015,61.49,,221,Poor,,,,,,,,,,
Ahmedabad,5/12/2015,65.39,,233,Poor,,,,,,,,,,
Ahmedabad,5/13/2015,100.92,,481,Severe,,,,,,,,,,
Ahmedabad,5/14/2015,97.48,,352,Very Poor,,,,,,,,,,
Ahmedabad,5/15/2015,129.27,,327,Very Poor,,,,,,,,,,
Ahmedabad,5/16/2015,129.58,,577,Severe,,,,,,,,,,
Ahmedabad,5/17/2015,100.57,,411,Severe,,,,,,,,,,
Ahmedabad,5/18/2015,130.34,,212,Poor,,,,,,,,,,
Ahmedabad,5/19/2015,53.24,,280,Poor,,,,,,,,,,
Ahmedabad,5/20/2015,42,,162,Moderate,,,,,,,,,,
Ahmedabad,5/22/2015,83.69,,569,Severe,,,,,,,,,,
Ahmedabad,5/23/2015,38.88,,128,Moderate,,,,,,,,,,
Ahmedabad,5/24/2015,46.89,,129,Moderate,,,,,,,,,,
Ahmedabad,5/25/2015,70.96,,152,Moderate,,,,,,,,,,
Ahmedabad,5/26/2015,53.66,,176,Moderate,,,,,,,,,,
Ahmedabad,5/27/2015,45.49,,167,Moderate,,,,,,,,,,
Ahmedabad,5/28/2015,60.86,,106,Moderate,,,,,,,,,,
Ahmedabad,5/29/2015,51.93,,231,Poor,,,,,,,,,,
Ahmedabad,5/30/2015,77.87,,327,Very Poor,,,,,,,,,,
Ahmedabad,5/31/2015,57.59,,174,Moderate,,,,,,,,,,
Ahmedabad,6/1/2015,77.22,,185,Moderate,,,,,,,,,,
Ahmedabad,6/2/2015,45.29,,179,Moderate,,,,,,,,,,
Ahmedabad,6/3/2015,103.78,,211,Poor,,,,,,,,,,
Ahmedabad,6/4/2015,25.14,,192,Moderate,,,,,,,,,,
Ahmedabad,6/5/2015,87.03,,310,Very Poor,,,,,,,,,,
Ahmedabad,6/6/2015,89.6,,223,Poor,,,,,,,,,,
Ahmedabad,6/7/2015,80.69,,192,Moderate,,,,,,,,,,
Ahmedabad,6/8/2015,44.75,,191,Moderate,,,,,,,,,,
Ahmedabad,6/9/2015,38.11,,184,Moderate,,,,,,,,,,
Ahmedabad,6/10/2015,45.5,,220,Poor,,,,,,,,,,
Ahmedabad,6/11/2015,36.98,,215,Poor,,,,,,,,,,
Ahmedabad,6/12/2015,43.58,,226,Poor,,,,,,,,,,
Ahmedabad,6/13/2015,45.49,,251,Poor,,,,,,,,,,
Ahmedabad,6/14/2015,38.06,,216,Poor,,,,,,,,,,
Ahmedabad,6/15/2015,45.41,,237,Poor,,,,,,,,,,
Ahmedabad,6/16/2015,37.71,,198,Moderate,,,,,,,,,,
Ahmedabad,6/17/2015,32.37,,195,Moderate,,,,,,,,,,
Ahmedabad,6/18/2015,34.74,,187,Moderate,,,,,,,,,,
Ahmedabad,6/19/2015,32.56,,181,Moderate,,,,,,,,,,
Ahmedabad,6/20/2015,29.28,,179,Moderate,,,,,,,,,,
Ahmedabad,6/21/2015,20.46,,188,Moderate,,,,,,,,,,
Ahmedabad,6/22/2015,26.07,,190,Moderate,,,,,,,,,,
Ahmedabad,6/23/2015,21.43,,185,Moderate,,,,,,,,,,
Ahmedabad,6/24/2015,11.91,,189,Moderate,,,,,,,,,,
Ahmedabad,6/25/2015,57.75,,196,Moderate,,,,,,,,,,
Ahmedabad,6/26/2015,66.39,,201,Poor,,,,,,,,,,
Ahmedabad,6/27/2015,62.61,,231,Poor,,,,,,,,,,
Ahmedabad,6/28/2015,47.5,,196,Moderate,,,,,,,,,,
Ahmedabad,6/29/2015,111.8,,220,Poor,,,,,,,,,,
Ahmedabad,6/30/2015,30,,244,Poor,,,,,,,,,,
Ahmedabad,7/1/2015,4.66,,223,Poor,,,,,,,,,,
Ahmedabad,7/2/2015,48.72,,230,Poor,,,,,,,,,,
Ahmedabad,7/3/2015,49.7,,243,Poor,,,,,,,,,,
Ahmedabad,7/4/2015,48.1,,215,Poor,,,,,,,,,,
Ahmedabad,7/5/2015,47.43,,199,Moderate,,,,,,,,,,
Ahmedabad,7/6/2015,51.74,,200,Moderate,,,,,,,,,,
Ahmedabad,7/7/2015,42.68,,226,Poor,,,,,,,,,,
Ahmedabad,7/8/2015,38.45,,241,Poor,,,,,,,,,,
Ahmedabad,7/9/2015,46.69,,222,Poor,,,,,,,,,,
Ahmedabad,7/10/2015,55.27,,223,Poor,,,,,,,,,,
Ahmedabad,7/11/2015,149.03,,248,Poor,,,,,,,,,,
Ahmedabad,7/12/2015,86.57,,300,Poor,,,,,,,,,,
Ahmedabad,7/13/2015,111.77,,232,Poor,,,,,,,,,,
Ahmedabad,7/14/2015,151.4,,330,Very Poor,,,,,,,,,,
Ahmedabad,7/15/2015,51.35,,223,Poor,,,,,,,,,,
Ahmedabad,7/16/2015,65.37,,105,Moderate,,,,,,,,,,
Ahmedabad,7/17/2015,56.28,,101,Moderate,,,,,,,,,,
Ahmedabad,7/18/2015,48.17,,93,Satisfactory,,,,,,,,,,
Ahmedabad,7/19/2015,33.56,,67,Satisfactory,,,,,,,,,,
Ahmedabad,7/20/2015,31.3,,60,Satisfactory,,,,,,,,,,
Ahmedabad,7/22/2015,57.11,,90,Satisfactory,,,,,,,,,,
Ahmedabad,7/23/2015,34.72,,78,Satisfactory,,,,,,,,,,
Ahmedabad,7/24/2015,29.22,,48,Good,,,,,,,,,,
Ahmedabad,7/25/2015,29.79,,53,Satisfactory,,,,,,,,,,
Ahmedabad,7/26/2015,59.95,,91,Satisfactory,,,,,,,,,,
Ahmedabad,7/27/2015,19.2,,70,Satisfactory,,,,,,,,,,
Ahmedabad,7/28/2015,19.52,,157,Moderate,,,,,,,,,,
Ahmedabad,7/29/2015,35.16,,158,Moderate,,,,,,,,,,
Ahmedabad,7/30/2015,33.03,,169,Moderate,,,,,,,,,,
Ahmedabad,7/31/2015,40.95,,174,Moderate,,,,,,,,,,
Ahmedabad,8/1/2015,40.29,,173,Moderate,,,,,,,,,,
Ahmedabad,8/2/2015,41.16,,172,Moderate,,,,,,,,,,
Ahmedabad,8/3/2015,36.12,,190,Moderate,,,,,,,,,,
Ahmedabad,8/4/2015,28.51,,171,Moderate,,,,,,,,,,
Ahmedabad,8/5/2015,31.59,,168,Moderate,,,,,,,,,,
Ahmedabad,8/6/2015,42.56,,172,Moderate,,,,,,,,,,
Ahmedabad,8/7/2015,48.12,,173,Moderate,,,,,,,,,,
Ahmedabad,8/8/2015,37.09,,175,Moderate,,,,,,,,,,
Ahmedabad,8/9/2015,33.4,,179,Moderate,,,,,,,,,,
Ahmedabad,8/10/2015,38.64,,174,Moderate,,,,,,,,,,
Ahmedabad,8/11/2015,40.49,,176,Moderate,,,,,,,,,,
Ahmedabad,8/12/2015,41.37,,179,Moderate,,,,,,,,,,
Ahmedabad,8/13/2015,44.56,,175,Moderate,,,,,,,,,,
Ahmedabad,8/14/2015,65.68,,177,Moderate,,,,,,,,,,
Ahmedabad,8/15/2015,33.34,,175,Moderate,,,,,,,,,,
Ahmedabad,8/16/2015,39.17,,174,Moderate,,,,,,,,,,
Ahmedabad,8/17/2015,34,,179,Moderate,,,,,,,,,,
Ahmedabad,8/18/2015,36.38,,177,Moderate,,,,,,,,,,
Ahmedabad,8/19/2015,38.35,,180,Moderate,,,,,,,,,,
Ahmedabad,8/20/2015,38.5,,274,Poor,,,,,,,,,,
Ahmedabad,8/21/2015,39.61,,310,Very Poor,,,,,,,,,,
Ahmedabad,8/22/2015,61.79,,303,Very Poor,,,,,,,,,,
Ahmedabad,8/23/2015,43.22,,302,Very Poor,,,,,,,,,,
Ahmedabad,8/24/2015,33.41,,302,Very Poor,,,,,,,,,,
Ahmedabad,8/25/2015,36.9,,302,Very Poor,,,,,,,,,,
Ahmedabad,8/26/2015,36.36,,302,Very Poor,,,,,,,,,,
Ahmedabad,8/27/2015,32.64,,302,Very Poor,,,,,,,,,,
Ahmedabad,8/28/2015,38.23,,302,Very Poor,,,,,,,,,,
Ahmedabad,8/29/2015,39.86,,301,Very Poor,,,,,,,,,,
Ahmedabad,8/30/2015,72.74,,302,Very Poor,,,,,,,,,,
Ahmedabad,8/31/2015,43.2,,302,Very Poor,,,,,,,,,,
Ahmedabad,9/1/2015,63.2,,302,Very Poor,,,,,,,,,,
Ahmedabad,9/2/2015,64.73,,302,Very Poor,,,,,,,,,,
Ahmedabad,9/3/2015,65.28,,301,Very Poor,,,,,,,,,,
Ahmedabad,9/4/2015,67.86,,302,Very Poor,,,,,,,,,,
Ahmedabad,9/5/2015,52.4,,301,Very Poor,,,,,,,,,,
Ahmedabad,9/6/2015,33.33,,302,Very Poor,,,,,,,,,,
Ahmedabad,9/7/2015,29.52,,301,Very Poor,,,,,,,,,,
Ahmedabad,9/8/2015,15.53,,301,Very Poor,,,,,,,,,,
Ahmedabad,9/10/2015,50.24,,226,Poor,,,,,,,,,,
Ahmedabad,9/11/2015,61.77,,276,Poor,,,,,,,,,,
Ahmedabad,9/12/2015,46.93,,209,Poor,,,,,,,,,,
Ahmedabad,9/13/2015,43.01,,179,Moderate,,,,,,,,,,
Ahmedabad,9/14/2015,42.06,,197,Moderate,,,,,,,,,,
Ahmedabad,9/15/2015,44.94,,229,Poor,,,,,,,,,,
Ahmedabad,9/16/2015,29.58,,170,Moderate,,,,,,,,,,
Ahmedabad,9/17/2015,32.15,,164,Moderate,,,,,,,,,,
Ahmedabad,9/18/2015,36.33,,195,Moderate,,,,,,,,,,
Ahmedabad,9/19/2015,24.46,,220,Poor,,,,,,,,,,
Ahmedabad,9/22/2015,59.29,,217,Poor,,,,,,,,,,
Ahmedabad,9/23/2015,65.32,,254,Poor,,,,,,,,,,
Ahmedabad,9/24/2015,47.39,,241,Poor,,,,,,,,,,
Ahmedabad,9/25/2015,43.88,,244,Poor,,,,,,,,,,
Ahmedabad,9/26/2015,28.35,,243,Poor,,,,,,,,,,
Ahmedabad,9/27/2015,3.59,,244,Poor,,,,,,,,,,
Ahmedabad,9/28/2015,3.04,,327,Very Poor,,,,,,,,,,
Ahmedabad,9/29/2015,19.14,,390,Very Poor,,,,,,,,,,
Ahmedabad,9/30/2015,69.12,,231,Poor,,,,,,,,,,
Ahmedabad,10/1/2015,76.41,,396,Very Poor,,,,,,,,,,
Ahmedabad,10/2/2015,102.49,,731,Severe,,,,,,,,,,
Ahmedabad,10/3/2015,127.94,,466,Severe,,,,,,,,,,
Ahmedabad,10/4/2015,87.18,,230,Poor,,,,,,,,,,
Ahmedabad,10/5/2015,99.73,,309,Very Poor,,,,,,,,,,
Ahmedabad,10/6/2015,84.15,,519,Severe,,,,,,,,,,
Ahmedabad,10/7/2015,92.12,,397,Very Poor,,,,,,,,,,
Ahmedabad,10/8/2015,94.02,,517,Severe,,,,,,,,,,
Ahmedabad,10/9/2015,150.27,,653,Severe,,,,,,,,,,
Ahmedabad,10/10/2015,118.91,,355,Very Poor,,,,,,,,,,
Ahmedabad,10/11/2015,91.41,,227,Poor,,,,,,,,,,
Ahmedabad,10/12/2015,95.9,,316,Very Poor,,,,,,,,,,
Ahmedabad,10/13/2015,137.87,,536,Severe,,,,,,,,,,
Ahmedabad,10/14/2015,90.71,,370,Very Poor,,,,,,,,,,
Ahmedabad,10/15/2015,108.68,,551,Severe,,,,,,,,,,
Ahmedabad,10/16/2015,98.79,,393,Very Poor,,,,,,,,,,
Ahmedabad,10/17/2015,145.75,,671,Severe,,,,,,,,,,
Ahmedabad,10/18/2015,179.43,,969,Severe,,,,,,,,,,
Ahmedabad,10/19/2015,170.52,,471,Severe,,,,,,,,,,
Ahmedabad,10/20/2015,203.4,,529,Severe,,,,,,,,,,
Ahmedabad,10/22/2015,64.66,,213,Poor,,,,,,,,,,
Ahmedabad,10/23/2015,78.14,,297,Poor,,,,,,,,,,
Ahmedabad,10/24/2015,100.17,,605,Severe,,,,,,,,,,
Ahmedabad,10/25/2015,147.35,,691,Severe,,,,,,,,,,
Ahmedabad,10/26/2015,206.89,,971,Severe,,,,,,,,,,
Ahmedabad,10/28/2015,89.64,,270,Poor,,,,,,,,,,
Ahmedabad,10/29/2015,51.72,,188,Moderate,,,,,,,,,,
Ahmedabad,10/30/2015,54.59,,114,Moderate,,,,,,,,,,
Ahmedabad,10/31/2015,46.5,,143,Moderate,,,,,,,,,,
Ahmedabad,11/3/2015,147.18,,557,Severe,,,,,,,,,,
Ahmedabad,11/5/2015,207.13,,536,Severe,,,,,,,,,,
Ahmedabad,11/6/2015,191.01,,354,Very Poor,,,,,,,,,,
Ahmedabad,11/7/2015,192.35,,381,Very Poor,,,,,,,,,,
Ahmedabad,11/8/2015,127.64,,355,Very Poor,,,,,,,,,,
Ahmedabad,6/28/2016,27.29,,272,Poor,,,,,,,,,,
Ahmedabad,6/29/2016,41.43,,253,Poor,,,,,,,,,,
Ahmedabad,6/30/2016,30.16,,256,Poor,,,,,,,,,,
Ahmedabad,7/1/2016,29.42,,257,Poor,,,,,,,,,,
Ahmedabad,7/2/2016,20.87,,213,Poor,,,,,,,,,,
Ahmedabad,7/3/2016,35.08,,218,Poor,,,,,,,,,,
Ahmedabad,7/4/2016,40.23,,214,Poor,,,,,,,,,,
Ahmedabad,7/5/2016,54.25,,207,Poor,,,,,,,,,,
Ahmedabad,7/6/2016,49.04,,169,Moderate,,,,,,,,,,
Ahmedabad,7/14/2016,38.13,,1842,Severe,,,,,,,,,,
Ahmedabad,7/15/2016,36.47,,72,Satisfactory,,,,,,,,,,
Ahmedabad,7/16/2016,40.9,,91,Satisfactory,,,,,,,,,,
Ahmedabad,7/17/2016,34.19,,124,Moderate,,,,,,,,,,
Ahmedabad,7/18/2016,32.92,,145,Moderate,,,,,,,,,,
Ahmedabad,7/19/2016,41.39,,499,Severe,,,,,,,,,,
Ahmedabad,7/20/2016,31.71,,557,Severe,,,,,,,,,,
Ahmedabad,7/21/2016,33.48,,114,Moderate,,,,,,,,,,
Ahmedabad,7/22/2016,30.8,,148,Moderate,,,,,,,,,,
Ahmedabad,7/23/2016,30.47,,99,Satisfactory,,,,,,,,,,
Ahmedabad,7/24/2016,34.64,,117,Moderate,,,,,,,,,,
Ahmedabad,7/25/2016,43.71,,275,Poor,,,,,,,,,,
Ahmedabad,7/26/2016,46.52,,183,Moderate,,,,,,,,,,
Ahmedabad,7/27/2016,36.54,,336,Very Poor,,,,,,,,,,
Ahmedabad,7/28/2016,36.87,,468,Severe,,,,,,,,,,
Ahmedabad,7/29/2016,46.19,,776,Severe,,,,,,,,,,
Ahmedabad,7/30/2016,48.44,,805,Severe,,,,,,,,,,
Ahmedabad,7/31/2016,40.18,,705,Severe,,,,,,,,,,
Ahmedabad,8/1/2016,33.5,,740,Severe,,,,,,,,,,
Ahmedabad,8/2/2016,29.36,,751,Severe,,,,,,,,,,
Ahmedabad,8/3/2016,44.59,,798,Severe,,,,,,,,,,
Ahmedabad,8/4/2016,50.65,,494,Severe,,,,,,,,,,
Ahmedabad,8/5/2016,33.93,,234,Poor,,,,,,,,,,
Ahmedabad,8/8/2016,93.34,,327,Very Poor,,,,,,,,,,
Ahmedabad,8/9/2016,38.06,,257,Poor,,,,,,,,,,
Ahmedabad,8/10/2016,20.19,,300,Poor,,,,,,,,,,
Ahmedabad,8/11/2016,10.45,,309,Very Poor,,,,,,,,,,
Ahmedabad,8/12/2016,29.87,,316,Very Poor,,,,,,,,,,
Ahmedabad,8/13/2016,60.18,,296,Poor,,,,,,,,,,
Ahmedabad,8/14/2016,85.1,,240,Poor,,,,,,,,,,
Ahmedabad,8/15/2016,55.55,,220,Poor,,,,,,,,,,
Ahmedabad,8/16/2016,170.22,,460,Severe,,,,,,,,,,
Ahmedabad,8/17/2016,35.05,,341,Very Poor,,,,,,,,,,
Ahmedabad,8/18/2016,37.68,,216,Poor,,,,,,,,,,
Ahmedabad,8/19/2016,32.78,,174,Moderate,,,,,,,,,,
Ahmedabad,8/20/2016,53.5,,252,Poor,,,,,,,,,,
Ahmedabad,8/21/2016,48.24,,283,Poor,,,,,,,,,,
Ahmedabad,8/22/2016,63.27,,282,Poor,,,,,,,,,,
Ahmedabad,8/23/2016,40.43,,189,Moderate,,,,,,,,,,
Ahmedabad,8/24/2016,31.15,,204,Poor,,,,,,,,,,
Ahmedabad,8/25/2016,33.76,,207,Poor,,,,,,,,,,
Ahmedabad,8/26/2016,35.95,,218,Poor,,,,,,,,,,
Ahmedabad,8/27/2016,58.07,,243,Poor,,,,,,,,,,
Ahmedabad,8/28/2016,46.04,,219,Poor,,,,,,,,,,
Ahmedabad,8/29/2016,52.27,,247,Poor,,,,,,,,,,
Ahmedabad,8/30/2016,46.68,,235,Poor,,,,,,,,,,
Ahmedabad,8/31/2016,44.59,,234,Poor,,,,,,,,,,
Ahmedabad,9/1/2016,30.81,,217,Poor,,,,,,,,,,
Ahmedabad,9/2/2016,47.67,,222,Poor,,,,,,,,,,
Ahmedabad,9/3/2016,35.69,,241,Poor,,,,,,,,,,
Ahmedabad,9/4/2016,36.44,,225,Poor,,,,,,,,,,
Ahmedabad,9/5/2016,33.83,,241,Poor,,,,,,,,,,
Ahmedabad,9/6/2016,34.23,,237,Poor,,,,,,,,,,
Ahmedabad,9/7/2016,52.15,,251,Poor,,,,,,,,,,
Ahmedabad,9/8/2016,35.99,,220,Poor,,,,,,,,,,
Ahmedabad,9/9/2016,37.93,,221,Poor,,,,,,,,,,
Ahmedabad,9/10/2016,31.94,,226,Poor,,,,,,,,,,
Ahmedabad,9/11/2016,18.04,,208,Poor,,,,,,,,,,
Ahmedabad,9/12/2016,27.9,,190,Moderate,,,,,,,,,,
Ahmedabad,9/13/2016,36.51,,250,Poor,,,,,,,,,,
Ahmedabad,9/14/2016,55.71,,280,Poor,,,,,,,,,,
Ahmedabad,9/15/2016,57.01,,306,Very Poor,,,,,,,,,,
Ahmedabad,9/16/2016,53.94,,249,Poor,,,,,,,,,,
Ahmedabad,9/17/2016,49.34,,213,Poor,,,,,,,,,,
Ahmedabad,9/18/2016,,,135,Moderate,,,,,,,,,,
Ahmedabad,9/22/2016,39.43,,268,Poor,,,,,,,,,,
Ahmedabad,9/23/2016,42.33,,267,Poor,,,,,,,,,,
Ahmedabad,9/24/2016,26.75,,216,Poor,,,,,,,,,,
Ahmedabad,9/25/2016,34.16,,212,Poor,,,,,,,,,,
Ahmedabad,9/26/2016,30.07,,214,Poor,,,,,,,,,,
Ahmedabad,9/27/2016,25.54,,222,Poor,,,,,,,,,,
Ahmedabad,9/28/2016,38.47,,216,Poor,,,,,,,,,,
Ahmedabad,9/29/2016,42.55,,236,Poor,,,,,,,,,,
Ahmedabad,9/30/2016,38.1,,225,Poor,,,,,,,,,,
Ahmedabad,10/1/2016,27.22,,231,Poor,,,,,,,,,,
Ahmedabad,10/2/2016,41.81,,298,Poor,,,,,,,,,,
Ahmedabad,10/3/2016,75.03,,267,Poor,,,,,,,,,,
Ahmedabad,10/4/2016,,,236,Poor,,,,,,,,,,
Ahmedabad,10/6/2016,75.06,,301,Very Poor,,,,,,,,,,
Ahmedabad,10/7/2016,85.36,,311,Very Poor,,,,,,,,,,
Ahmedabad,10/8/2016,124.97,,313,Very Poor,,,,,,,,,,
Ahmedabad,10/9/2016,86.63,,267,Poor,,,,,,,,,,
Ahmedabad,10/10/2016,70.34,,232,Poor,,,,,,,,,,
Ahmedabad,10/11/2016,50.49,,229,Poor,,,,,,,,,,
Ahmedabad,10/12/2016,42.25,,227,Poor,,,,,,,,,,
Ahmedabad,10/13/2016,48.23,,236,Poor,,,,,,,,,,
Ahmedabad,10/14/2016,138.94,,326,Very Poor,,,,,,,,,,
Ahmedabad,10/15/2016,155.68,,395,Very Poor,,,,,,,,,,
Ahmedabad,10/16/2016,120.35,,507,Severe,,,,,,,,,,
Ahmedabad,10/17/2016,140.81,,423,Severe,,,,,,,,,,
Ahmedabad,10/18/2016,87.09,,315,Very Poor,,,,,,,,,,
Ahmedabad,10/19/2016,83.57,,213,Poor,,,,,,,,,,
Ahmedabad,10/20/2016,75.41,,263,Poor,,,,,,,,,,
Ahmedabad,10/21/2016,106.86,,355,Very Poor,,,,,,,,,,
Ahmedabad,10/22/2016,96.53,,362,Very Poor,,,,,,,,,,
Ahmedabad,10/23/2016,76.96,,236,Poor,,,,,,,,,,
Ahmedabad,10/24/2016,73.05,,192,Moderate,,,,,,,,,,
Ahmedabad,10/25/2016,72.52,,230,Poor,,,,,,,,,,
Ahmedabad,10/26/2016,109.22,,278,Poor,,,,,,,,,,
Ahmedabad,10/27/2016,122.63,,390,Very Poor,,,,,,,,,,
Ahmedabad,10/28/2016,214.36,,509,Severe,,,,,,,,,,
Ahmedabad,10/29/2016,381.69,,472,Severe,,,,,,,,,,
Ahmedabad,10/30/2016,182.59,,457,Severe,,,,,,,,,,
Ahmedabad,10/31/2016,271.85,,721,Severe,,,,,,,,,,
Ahmedabad,11/1/2016,230.76,,420,Severe,,,,,,,,,,
Ahmedabad,11/2/2016,203.3,,417,Severe,,,,,,,,,,
Ahmedabad,11/3/2016,152.03,,390,Very Poor,,,,,,,,,,
Ahmedabad,11/4/2016,176.02,,361,Very Poor,,,,,,,,,,
Ahmedabad,10/11/2017,61.72,,105,Moderate,,,,,,,,,,
Ahmedabad,10/21/2017,126.57,,319,Very Poor,,,,,,,,,,
Ahmedabad,10/22/2017,59.26,,146,Moderate,,,,,,,,,,
Ahmedabad,10/23/2017,51.72,,80,Satisfactory,,,,,,,,,,
Ahmedabad,10/24/2017,67.4,,102,Moderate,,,,,,,,,,
Ahmedabad,10/25/2017,79.49,,459,Severe,,,,,,,,,,
Ahmedabad,10/26/2017,112.25,,1426,Severe,,,,,,,,,,
Ahmedabad,10/27/2017,133.07,,1348,Severe,,,,,,,,,,
Ahmedabad,10/28/2017,93.96,,1073,Severe,,,,,,,,,,
Ahmedabad,10/29/2017,93.7,,952,Severe,,,,,,,,,,
Ahmedabad,11/3/2017,96.65,,550,Severe,,,,,,,,,,
Ahmedabad,11/4/2017,107.09,,538,Severe,,,,,,,,,,
Ahmedabad,11/5/2017,119.02,,498,Severe,,,,,,,,,,
Ahmedabad,11/6/2017,83.86,,517,Severe,,,,,,,,,,
Ahmedabad,11/7/2017,72.67,,901,Severe,,,,,,,,,,
Ahmedabad,11/8/2017,94.32,,929,Severe,,,,,,,,,,
Ahmedabad,11/9/2017,89,,850,Severe,,,,,,,,,,
Ahmedabad,11/10/2017,85.35,,669,Severe,,,,,,,,,,
Ahmedabad,11/11/2017,101.25,,1141,Severe,,,,,,,,,,
Ahmedabad,11/12/2017,90.02,,707,Severe,,,,,,,,,,
Ahmedabad,11/13/2017,119.17,,1577,Severe,,,,,,,,,,
Ahmedabad,11/14/2017,207.19,,1747,Severe,,,,,,,,,,
Ahmedabad,11/15/2017,148.83,,1065,Severe,,,,,,,,,,
Ahmedabad,11/16/2017,85.32,,195,Moderate,,,,,,,,,,
Ahmedabad,11/17/2017,143.07,,291,Poor,,,,,,,,,,
Ahmedabad,11/18/2017,140.88,,313,Very Poor,,,,,,,,,,
Ahmedabad,11/19/2017,99.77,,333,Very Poor,,,,,,,,,,
Ahmedabad,11/20/2017,119.99,,338,Very Poor,,,,,,,,,,
Ahmedabad,11/21/2017,111.92,,371,Very Poor,,,,,,,,,,
Ahmedabad,11/22/2017,96.51,,463,Severe,,,,,,,,,,
Ahmedabad,11/23/2017,80.52,,419,Severe,,,,,,,,,,
Ahmedabad,11/24/2017,92.8,,700,Severe,,,,,,,,,,
Ahmedabad,11/25/2017,102.26,,1043,Severe,,,,,,,,,,
Ahmedabad,11/26/2017,108.19,,1029,Severe,,,,,,,,,,
Ahmedabad,11/27/2017,93.87,,1041,Severe,,,,,,,,,,
Ahmedabad,11/28/2017,109.53,,1430,Severe,,,,,,,,,,
Ahmedabad,11/29/2017,79.34,,765,Severe,,,,,,,,,,
Ahmedabad,11/30/2017,93.05,,599,Severe,,,,,,,,,,
Ahmedabad,12/1/2017,85.51,,764,Severe,,,,,,,,,,
Ahmedabad,12/2/2017,80.89,,330,Very Poor,,,,,,,,,,
Ahmedabad,12/3/2017,58.62,,205,Poor,,,,,,,,,,
Ahmedabad,12/4/2017,68.53,,164,Moderate,,,,,,,,,,
Ahmedabad,12/5/2017,81.38,,187,Moderate,,,,,,,,,,
Ahmedabad,12/6/2017,56.54,,149,Moderate,,,,,,,,,,
Ahmedabad,12/7/2017,74.08,,215,Poor,,,,,,,,,,
Ahmedabad,12/8/2017,62.76,,284,Poor,,,,,,,,,,
Ahmedabad,12/9/2017,86.09,,167,Moderate,,,,,,,,,,
Ahmedabad,12/10/2017,59.74,,337,Very Poor,,,,,,,,,,
Ahmedabad,12/11/2017,87.13,,696,Severe,,,,,,,,,,
Ahmedabad,12/12/2017,52.15,,295,Poor,,,,,,,,,,
Ahmedabad,12/13/2017,67.51,,565,Severe,,,,,,,,,,
Ahmedabad,12/14/2017,70.08,,400,Very Poor,,,,,,,,,,
Ahmedabad,12/15/2017,86.9,,250,Poor,,,,,,,,,,
Ahmedabad,12/16/2017,77.34,,232,Poor,,,,,,,,,,
Ahmedabad,12/17/2017,65.93,,174,Moderate,,,,,,,,,,
Ahmedabad,12/18/2017,66.58,,198,Moderate,,,,,,,,,,
Ahmedabad,12/19/2017,62.24,,340,Very Poor,,,,,,,,,,
Ahmedabad,12/20/2017,62.07,,355,Very Poor,,,,,,,,,,
Ahmedabad,12/21/2017,72.04,,246,Poor,,,,,,,,,,
Ahmedabad,12/22/2017,67.44,,216,Poor,,,,,,,,,,
Ahmedabad,12/23/2017,77.76,,306,Very Poor,,,,,,,,,,
Ahmedabad,12/24/2017,96.71,,650,Severe,,,,,,,,,,
Ahmedabad,12/25/2017,75.14,,515,Severe,,,,,,,,,,
Ahmedabad,12/26/2017,69.27,,529,Severe,,,,,,,,,,
Ahmedabad,12/27/2017,71.54,,404,Severe,,,,,,,,,,
Ahmedabad,12/28/2017,104.13,,773,Severe,,,,,,,,,,
Ahmedabad,12/29/2017,88.93,,763,Severe,,,,,,,,,,
Ahmedabad,12/30/2017,82.03,,474,Severe,,,,,,,,,,
Ahmedabad,12/31/2017,84.43,,343,Very Poor,,,,,,,,,,
Ahmedabad,1/1/2018,84.46,,278,Poor,,,,,,,,,,
Ahmedabad,1/2/2018,76.51,,256,Poor,,,,,,,,,,
Ahmedabad,1/3/2018,63.88,,300,Poor,,,,,,,,,,
Ahmedabad,1/4/2018,81.1,,532,Severe,,,,,,,,,,
Ahmedabad,1/5/2018,73.61,,534,Severe,,,,,,,,,,
Ahmedabad,1/6/2018,75.79,,738,Severe,,,,,,,,,,
Ahmedabad,1/7/2018,77.87,,622,Severe,,,,,,,,,,
Ahmedabad,1/8/2018,77.72,,517,Severe,,,,,,,,,,
Ahmedabad,1/9/2018,66.89,,216,Poor,,,,,,,,,,
Ahmedabad,1/10/2018,74.57,,316,Very Poor,,,,,,,,,,
Ahmedabad,1/11/2018,89.1,,586,Severe,,,,,,,,,,
Ahmedabad,1/12/2018,110.34,,898,Severe,,,,,,,,,,
Ahmedabad,1/13/2018,82.53,,421,Severe,,,,,,,,,,
Ahmedabad,1/14/2018,108.01,,542,Severe,,,,,,,,,,
Ahmedabad,1/15/2018,92.94,,610,Severe,,,,,,,,,,
Ahmedabad,1/16/2018,87.3,,716,Severe,,,,,,,,,,
Ahmedabad,1/17/2018,89.06,,804,Severe,,,,,,,,,,
Ahmedabad,1/18/2018,51.61,,656,Severe,,,,,,,,,,
Ahmedabad,1/19/2018,91.13,,1201,Severe,,,,,,,,,,
Ahmedabad,1/21/2018,108.92,,595,Severe,,,,,,,,,,
Ahmedabad,1/22/2018,89.63,,384,Very Poor,,,,,,,,,,
Ahmedabad,1/23/2018,55.27,,332,Very Poor,,,,,,,,,,
Ahmedabad,1/24/2018,97.88,,1155,Severe,,,,,,,,,,
Ahmedabad,1/25/2018,128.56,,1355,Severe,,,,,,,,,,
Ahmedabad,1/26/2018,103.63,,1367,Severe,,,,,,,,,,
Ahmedabad,1/27/2018,102.16,,795,Severe,,,,,,,,,,
Ahmedabad,1/28/2018,89.53,,430,Severe,,,,,,,,,,
Ahmedabad,1/29/2018,101.92,,1153,Severe,,,,,,,,,,
Ahmedabad,1/30/2018,117.99,,1414,Severe,,,,,,,,,,
Ahmedabad,1/31/2018,115.79,,1042,Severe,,,,,,,,,,
Ahmedabad,2/1/2018,189.12,,1613,Severe,,,,,,,,,,
Ahmedabad,2/2/2018,88.37,,433,Severe,,,,,,,,,,
Ahmedabad,2/3/2018,96.64,,692,Severe,,,,,,,,,,
Ahmedabad,2/4/2018,98,,620,Severe,,,,,,,,,,
Ahmedabad,2/5/2018,93.31,,617,Severe,,,,,,,,,,
Ahmedabad,2/6/2018,104.89,,590,Severe,,,,,,,,,,
Ahmedabad,2/7/2018,109.34,,856,Severe,,,,,,,,,,
Ahmedabad,2/8/2018,70.25,,587,Severe,,,,,,,,,,
Ahmedabad,2/9/2018,103.17,,1423,Severe,,,,,,,,,,
Ahmedabad,2/10/2018,185.77,,1917,Severe,,,,,,,,,,
Ahmedabad,2/11/2018,84.48,,471,Severe,,,,,,,,,,
Ahmedabad,2/12/2018,89.41,,488,Severe,,,,,,,,,,
Ahmedabad,2/13/2018,64.61,,471,Severe,,,,,,,,,,
Ahmedabad,2/14/2018,65.35,,172,Moderate,,,,,,,,,,
Ahmedabad,2/15/2018,52.18,,390,Very Poor,,,,,,,,,,
Ahmedabad,2/16/2018,75.13,,802,Severe,,,,,,,,,,
Ahmedabad,2/17/2018,83.65,,1035,Severe,,,,,,,,,,
Ahmedabad,2/18/2018,220.49,,1477,Severe,,,,,,,,,,
Ahmedabad,2/19/2018,242.66,,2049,Severe,,,,,,,,,,
Ahmedabad,2/20/2018,114.78,,1314,Severe,,,,,,,,,,
Ahmedabad,2/21/2018,92.92,,1215,Severe,,,,,,,,,,
Ahmedabad,2/22/2018,91.66,,1483,Severe,,,,,,,,,,
Ahmedabad,2/23/2018,138.4,,1526,Severe,,,,,,,,,,
Ahmedabad,2/26/2018,49.18,,460,Severe,,,,,,,,,,
Ahmedabad,2/27/2018,56.42,,700,Severe,,,,,,,,,,
Ahmedabad,2/28/2018,60.36,,831,Severe,,,,,,,,,,
Ahmedabad,3/1/2018,54.45,,291,Poor,,,,,,,,,,
Ahmedabad,3/2/2018,53.5,,132,Moderate,,,,,,,,,,
Ahmedabad,3/3/2018,41.64,,212,Poor,,,,,,,,,,
Ahmedabad,3/4/2018,32.36,,717,Severe,,,,,,,,,,
Ahmedabad,3/5/2018,29.98,,525,Severe,,,,,,,,,,
Ahmedabad,3/6/2018,33.3,,777,Severe,,,,,,,,,,
Ahmedabad,3/7/2018,56.51,,807,Severe,,,,,,,,,,
Ahmedabad,3/8/2018,88.85,,520,Severe,,,,,,,,,,
Ahmedabad,3/9/2018,111.68,,1171,Severe,,,,,,,,,,
Ahmedabad,3/10/2018,114.06,,1332,Severe,,,,,,,,,,
Ahmedabad,3/11/2018,116.93,,1260,Severe,,,,,,,,,,
Ahmedabad,3/12/2018,84.19,,708,Severe,,,,,,,,,,
Ahmedabad,3/13/2018,98.53,,1108,Severe,,,,,,,,,,
Ahmedabad,3/14/2018,84.16,,761,Severe,,,,,,,,,,
Ahmedabad,3/15/2018,71.82,,541,Severe,,,,,,,,,,
Ahmedabad,3/16/2018,80.51,,1274,Severe,,,,,,,,,,
Ahmedabad,3/17/2018,133.48,,1241,Severe,,,,,,,,,,
Ahmedabad,3/18/2018,116.54,,1210,Severe,,,,,,,,,,
Ahmedabad,3/19/2018,98.49,,301,Very Poor,,,,,,,,,,
Ahmedabad,3/20/2018,160.68,,549,Severe,,,,,,,,,,
Ahmedabad,3/21/2018,102.05,,414,Severe,,,,,,,,,,
Ahmedabad,3/22/2018,100.33,,484,Severe,,,,,,,,,,
Ahmedabad,3/23/2018,99.73,,577,Severe,,,,,,,,,,
Ahmedabad,3/24/2018,104.22,,862,Severe,,,,,,,,,,
Ahmedabad,3/25/2018,109.8,,889,Severe,,,,,,,,,,
Ahmedabad,3/26/2018,124.44,,1001,Severe,,,,,,,,,,
Ahmedabad,3/27/2018,180.27,,1156,Severe,,,,,,,,,,
Ahmedabad,3/28/2018,138.6,,691,Severe,,,,,,,,,,
Ahmedabad,3/29/2018,139.21,,308,Very Poor,,,,,,,,,,
Ahmedabad,3/30/2018,154.09,,965,Severe,,,,,,,,,,
Ahmedabad,3/31/2018,121,,1434,Severe,,,,,,,,,,
Ahmedabad,4/1/2018,80.56,,579,Severe,,,,,,,,,,
Ahmedabad,4/2/2018,103.75,,1034,Severe,,,,,,,,,,
Ahmedabad,4/3/2018,75.68,,498,Severe,,,,,,,,,,
Ahmedabad,4/4/2018,62.83,,265,Poor,,,,,,,,,,
Ahmedabad,4/5/2018,104.23,,740,Severe,,,,,,,,,,
Ahmedabad,4/6/2018,91.04,,856,Severe,,,,,,,,,,
Ahmedabad,4/7/2018,90.13,,304,Very Poor,,,,,,,,,,
Ahmedabad,4/8/2018,160.43,,657,Severe,,,,,,,,,,
Ahmedabad,4/9/2018,94.55,,403,Severe,,,,,,,,,,
Ahmedabad,4/10/2018,124.59,,596,Severe,,,,,,,,,,
Ahmedabad,4/11/2018,92.5,,392,Very Poor,,,,,,,,,,
Ahmedabad,4/12/2018,86.29,,414,Severe,,,,,,,,,,
Ahmedabad,4/13/2018,104.21,,442,Severe,,,,,,,,,,
Ahmedabad,4/14/2018,88.5,,438,Severe,,,,,,,,,,
Ahmedabad,4/15/2018,84.47,,561,Severe,,,,,,,,,,
Ahmedabad,4/16/2018,73.54,,660,Severe,,,,,,,,,,
Ahmedabad,4/17/2018,53.89,,616,Severe,,,,,,,,,,
Ahmedabad,4/18/2018,60.08,,855,Severe,,,,,,,,,,
Ahmedabad,4/19/2018,53.13,,633,Severe,,,,,,,,,,
Ahmedabad,4/20/2018,71.3,,274,Poor,,,,,,,,,,
Ahmedabad,4/21/2018,37.9,,210,Poor,,,,,,,,,,
Ahmedabad,4/22/2018,78.18,,478,Severe,,,,,,,,,,
Ahmedabad,4/23/2018,56.35,,465,Severe,,,,,,,,,,
Ahmedabad,4/24/2018,59.66,,836,Severe,,,,,,,,,,
Ahmedabad,4/25/2018,114.6,,1235,Severe,,,,,,,,,,
Ahmedabad,4/26/2018,74.48,,525,Severe,,,,,,,,,,
Ahmedabad,4/27/2018,81.11,,525,Severe,,,,,,,,,,
Ahmedabad,4/28/2018,100.39,,650,Severe,,,,,,,,,,
Ahmedabad,4/29/2018,39.97,,219,Poor,,,,,,,,,,
Ahmedabad,4/30/2018,53.61,,328,Very Poor,,,,,,,,,,
Ahmedabad,5/1/2018,63.06,,351,Very Poor,,,,,,,,,,
Ahmedabad,5/2/2018,46.17,,286,Poor,,,,,,,,,,
Ahmedabad,5/3/2018,61.24,,337,Very Poor,,,,,,,,,,
Ahmedabad,5/4/2018,41.81,,249,Poor,,,,,,,,,,
Ahmedabad,5/5/2018,55.09,,376,Very Poor,,,,,,,,,,
Ahmedabad,5/6/2018,65.54,,415,Severe,,,,,,,,,,
Ahmedabad,5/7/2018,41.04,,228,Poor,,,,,,,,,,
Ahmedabad,5/8/2018,49.71,,266,Poor,,,,,,,,,,
Ahmedabad,5/9/2018,44.75,,257,Poor,,,,,,,,,,
Ahmedabad,5/10/2018,45.84,,409,Severe,,,,,,,,,,
Ahmedabad,5/11/2018,76.36,,524,Severe,,,,,,,,,,
Ahmedabad,5/12/2018,44.79,,222,Poor,,,,,,,,,,
Ahmedabad,5/13/2018,50.16,,332,Very Poor,,,,,,,,,,
Ahmedabad,5/14/2018,49.07,,272,Poor,,,,,,,,,,
Ahmedabad,5/15/2018,46.06,,232,Poor,,,,,,,,,,
Ahmedabad,5/16/2018,52.82,,247,Poor,,,,,,,,,,
Ahmedabad,5/17/2018,53.39,,254,Poor,,,,,,,,,,
Ahmedabad,5/18/2018,59.44,,236,Poor,,,,,,,,,,
Ahmedabad,5/19/2018,71.01,,273,Poor,,,,,,,,,,
Ahmedabad,5/20/2018,59.98,,273,Poor,,,,,,,,,,
Ahmedabad,5/21/2018,50.7,,256,Poor,,,,,,,,,,
Ahmedabad,5/22/2018,69.87,,217,Poor,,,,,,,,,,
Ahmedabad,5/23/2018,61.53,,291,Poor,,,,,,,,,,
Ahmedabad,5/24/2018,67.03,,314,Very Poor,,,,,,,,,,
Ahmedabad,5/25/2018,43.37,,355,Very Poor,,,,,,,,,,
Ahmedabad,5/26/2018,60.05,,587,Severe,,,,,,,,,,
Ahmedabad,5/27/2018,56.93,,535,Severe,,,,,,,,,,
Ahmedabad,5/28/2018,44.14,,366,Very Poor,,,,,,,,,,
Ahmedabad,5/29/2018,69,,404,Severe,,,,,,,,,,
Ahmedabad,6/1/2018,78.16,,355,Very Poor,,,,,,,,,,
Ahmedabad,6/2/2018,83.27,,338,Very Poor,,,,,,,,,,
Ahmedabad,6/3/2018,63.79,,351,Very Poor,,,,,,,,,,
Ahmedabad,6/4/2018,50.27,,280,Poor,,,,,,,,,,
Ahmedabad,6/5/2018,51.54,,297,Poor,,,,,,,,,,
Ahmedabad,6/6/2018,54.35,,319,Very Poor,,,,,,,,,,
Ahmedabad,6/7/2018,53.59,,247,Poor,,,,,,,,,,
Ahmedabad,6/8/2018,55.77,,321,Very Poor,,,,,,,,,,
Ahmedabad,6/9/2018,63.58,,319,Very Poor,,,,,,,,,,
Ahmedabad,6/10/2018,103.08,,345,Very Poor,,,,,,,,,,
Ahmedabad,6/11/2018,78.25,,492,Severe,,,,,,,,,,
Ahmedabad,6/12/2018,77.84,,491,Severe,,,,,,,,,,
Ahmedabad,6/13/2018,69.99,,503,Severe,,,,,,,,,,
Ahmedabad,6/14/2018,78.7,,523,Severe,,,,,,,,,,
Ahmedabad,6/15/2018,59.96,,539,Severe,,,,,,,,,,
Ahmedabad,6/16/2018,48.27,,492,Severe,,,,,,,,,,
Ahmedabad,6/17/2018,44.81,,513,Severe,,,,,,,,,,
Ahmedabad,6/18/2018,55.21,,497,Severe,,,,,,,,,,
Ahmedabad,6/19/2018,40.89,,433,Severe,,,,,,,,,,
Ahmedabad,6/20/2018,41.59,,484,Severe,,,,,,,,,,
Ahmedabad,6/21/2018,39.02,,471,Severe,,,,,,,,,,
Ahmedabad,6/22/2018,33.5,,502,Severe,,,,,,,,,,
Ahmedabad,6/23/2018,39.42,,495,Severe,,,,,,,,,,
Ahmedabad,6/24/2018,46.84,,486,Severe,,,,,,,,,,
Ahmedabad,6/25/2018,51.63,,524,Severe,,,,,,,,,,
Ahmedabad,6/26/2018,38.12,,556,Severe,,,,,,,,,,
Ahmedabad,6/27/2018,27.79,,508,Severe,,,,,,,,,,
Ahmedabad,6/28/2018,36.27,,413,Severe,,,,,,,,,,
Ahmedabad,6/29/2018,76.41,,421,Severe,,,,,,,,,,
Ahmedabad,6/30/2018,62.72,,400,Very Poor,,,,,,,,,,
Ahmedabad,7/1/2018,48.12,,361,Very Poor,,,,,,,,,,
Ahmedabad,7/2/2018,36.8,,385,Very Poor,,,,,,,,,,
Ahmedabad,7/3/2018,41.37,,428,Severe,,,,,,,,,,
Ahmedabad,7/4/2018,302.08,,440,Severe,,,,,,,,,,
Ahmedabad,7/5/2018,37.15,,510,Severe,,,,,,,,,,
Ahmedabad,7/6/2018,59.76,,513,Severe,,,,,,,,,,
Ahmedabad,7/7/2018,71.94,,365,Very Poor,,,,,,,,,,
Ahmedabad,7/8/2018,47.95,,336,Very Poor,,,,,,,,,,
Ahmedabad,7/9/2018,55.91,,377,Very Poor,,,,,,,,,,
Ahmedabad,7/10/2018,72.06,,442,Severe,,,,,,,,,,
Ahmedabad,7/11/2018,127.23,,421,Severe,,,,,,,,,,
Ahmedabad,7/12/2018,127.37,,428,Severe,,,,,,,,,,
Ahmedabad,7/13/2018,36.42,,472,Severe,,,,,,,,,,
Ahmedabad,7/14/2018,40.97,,478,Severe,,,,,,,,,,
Ahmedabad,7/15/2018,33.38,,422,Severe,,,,,,,,,,
Ahmedabad,7/16/2018,33.51,,347,Very Poor,,,,,,,,,,
Ahmedabad,7/17/2018,29.56,,461,Severe,,,,,,,,,,
Ahmedabad,7/18/2018,21.89,,447,Severe,,,,,,,,,,
Ahmedabad,7/19/2018,44.87,,486,Severe,,,,,,,,,,
Ahmedabad,7/20/2018,33.16,,510,Severe,,,,,,,,,,
Ahmedabad,7/21/2018,45.25,,576,Severe,,,,,,,,,,
Ahmedabad,7/22/2018,48.95,,485,Severe,,,,,,,,,,
Ahmedabad,7/23/2018,42.89,,488,Severe,,,,,,,,,,
Ahmedabad,7/24/2018,48.36,,613,Severe,,,,,,,,,,
Ahmedabad,7/25/2018,51.7,,577,Severe,,,,,,,,,,
Ahmedabad,7/26/2018,43.18,,474,Severe,,,,,,,,,,
Ahmedabad,7/27/2018,35.8,,458,Severe,,,,,,,,,,
Ahmedabad,7/28/2018,37.76,,428,Severe,,,,,,,,,,
Ahmedabad,7/29/2018,38.1,,429,Severe,,,,,,,,,,
Ahmedabad,7/30/2018,39.43,,461,Severe,,,,,,,,,,
Ahmedabad,7/31/2018,51.78,,450,Severe,,,,,,,,,,
Ahmedabad,8/1/2018,63.4,,453,Severe,,,,,,,,,,
Ahmedabad,8/2/2018,58.21,,459,Severe,,,,,,,,,,
Ahmedabad,8/3/2018,47.83,,468,Severe,,,,,,,,,,
Ahmedabad,8/4/2018,53.64,,424,Severe,,,,,,,,,,
Ahmedabad,8/5/2018,48.18,,366,Very Poor,,,,,,,,,,
Ahmedabad,8/6/2018,56.75,,465,Severe,,,,,,,,,,
Ahmedabad,8/7/2018,41.21,,434,Severe,,,,,,,,,,
Ahmedabad,8/8/2018,37.33,,470,Severe,,,,,,,,,,
Ahmedabad,8/9/2018,28.74,,455,Severe,,,,,,,,,,
Ahmedabad,8/10/2018,34.05,,489,Severe,,,,,,,,,,
Ahmedabad,8/11/2018,28.94,,431,Severe,,,,,,,,,,
Ahmedabad,8/12/2018,25.06,,402,Severe,,,,,,,,,,
Ahmedabad,8/13/2018,32.05,,469,Severe,,,,,,,,,,
Ahmedabad,8/14/2018,44.02,,476,Severe,,,,,,,,,,
Ahmedabad,8/15/2018,48.73,,459,Severe,,,,,,,,,,
Ahmedabad,8/16/2018,43.54,,342,Very Poor,,,,,,,,,,
Ahmedabad,8/17/2018,28.66,,311,Very Poor,,,,,,,,,,
Ahmedabad,8/18/2018,31.01,,467,Severe,,,,,,,,,,
Ahmedabad,8/19/2018,33.95,,429,Severe,,,,,,,,,,
Ahmedabad,8/20/2018,33.7,,490,Severe,,,,,,,,,,
Ahmedabad,8/21/2018,48.21,,445,Severe,,,,,,,,,,
Ahmedabad,8/22/2018,40.66,,499,Severe,,,,,,,,,,
Ahmedabad,8/23/2018,38.65,,482,Severe,,,,,,,,,,
Ahmedabad,8/24/2018,49.47,,527,Severe,,,,,,,,,,
Ahmedabad,8/25/2018,33.2,,556,Severe,,,,,,,,,,
Ahmedabad,8/26/2018,34.52,,482,Severe,,,,,,,,,,
Ahmedabad,8/27/2018,44.57,,597,Severe,,,,,,,,,,
Ahmedabad,8/28/2018,58.92,,491,Severe,,,,,,,,,,
Ahmedabad,8/29/2018,51.03,,460,Severe,,,,,,,,,,
Ahmedabad,8/30/2018,45.77,,510,Severe,,,,,,,,,,
Ahmedabad,8/31/2018,38.22,,623,Severe,,,,,,,,,,
Ahmedabad,9/1/2018,34.44,,577,Severe,,,,,,,,,,
Ahmedabad,9/2/2018,28.8,,440,Severe,,,,,,,,,,
Ahmedabad,9/6/2018,22.14,,520,Severe,,,,,,,,,,
Ahmedabad,9/7/2018,19.66,,518,Severe,,,,,,,,,,
Ahmedabad,9/8/2018,22.3,,524,Severe,,,,,,,,,,
Ahmedabad,9/9/2018,22.33,,576,Severe,,,,,,,,,,
Ahmedabad,9/10/2018,18.54,,688,Severe,,,,,,,,,,
Ahmedabad,9/11/2018,17.91,,521,Severe,,,,,,,,,,
Ahmedabad,9/12/2018,16.28,,447,Severe,,,,,,,,,,
Ahmedabad,9/13/2018,21.06,,477,Severe,,,,,,,,,,
Ahmedabad,9/14/2018,20.82,,481,Severe,,,,,,,,,,
Ahmedabad,9/15/2018,18.18,,500,Severe,,,,,,,,,,
Ahmedabad,9/16/2018,21.41,,530,Severe,,,,,,,,,,
Ahmedabad,9/17/2018,24.51,,696,Severe,,,,,,,,,,
Ahmedabad,9/18/2018,28.15,,580,Severe,,,,,,,,,,
Ahmedabad,9/19/2018,23.65,,546,Severe,,,,,,,,,,
Ahmedabad,9/20/2018,25.32,,631,Severe,,,,,,,,,,
Ahmedabad,9/21/2018,25.87,,876,Severe,,,,,,,,,,
Ahmedabad,9/22/2018,22.62,,493,Severe,,,,,,,,,,
Ahmedabad,9/23/2018,21.12,,410,Severe,,,,,,,,,,
Ahmedabad,9/24/2018,21.79,,398,Very Poor,,,,,,,,,,
Ahmedabad,9/25/2018,18.87,,457,Severe,,,,,,,,,,
Ahmedabad,9/26/2018,22.11,,428,Severe,,,,,,,,,,
Ahmedabad,9/27/2018,24.07,,413,Severe,,,,,,,,,,
Ahmedabad,9/28/2018,25.9,,680,Severe,,,,,,,,,,
Ahmedabad,9/29/2018,29.8,,787,Severe,,,,,,,,,,
Ahmedabad,9/30/2018,29.37,,862,Severe,,,,,,,,,,
Ahmedabad,10/1/2018,33.95,,951,Severe,,,,,,,,,,
Ahmedabad,10/2/2018,31.13,,712,Severe,,,,,,,,,,
Ahmedabad,10/3/2018,58.28,,483,Severe,,,,,,,,,,
Ahmedabad,10/4/2018,63.92,,379,Very Poor,,,,,,,,,,
Ahmedabad,10/5/2018,73.89,,214,Poor,,,,,,,,,,
Ahmedabad,10/6/2018,79.37,,508,Severe,,,,,,,,,,
Ahmedabad,10/7/2018,78.64,,713,Severe,,,,,,,,,,
Ahmedabad,10/8/2018,122.92,,688,Severe,,,,,,,,,,
Ahmedabad,10/9/2018,160.05,,844,Severe,,,,,,,,,,
Ahmedabad,10/10/2018,113.9,,786,Severe,,,,,,,,,,
Ahmedabad,10/11/2018,126.66,,664,Severe,,,,,,,,,,
Ahmedabad,10/12/2018,116.02,,914,Severe,,,,,,,,,,
Ahmedabad,10/13/2018,96.65,,536,Severe,,,,,,,,,,
Ahmedabad,10/14/2018,110.05,,403,Severe,,,,,,,,,,
Ahmedabad,10/15/2018,109.84,,427,Severe,,,,,,,,,,
Ahmedabad,10/16/2018,140.06,,685,Severe,,,,,,,,,,
Ahmedabad,10/17/2018,109.11,,558,Severe,,,,,,,,,,
Ahmedabad,10/18/2018,107.26,,487,Severe,,,,,,,,,,
Ahmedabad,10/19/2018,105.87,,453,Severe,,,,,,,,,,
Ahmedabad,10/20/2018,101.86,,559,Severe,,,,,,,,,,
Ahmedabad,10/21/2018,96.15,,1291,Severe,,,,,,,,,,
Ahmedabad,10/22/2018,88.58,,1350,Severe,,,,,,,,,,
Ahmedabad,10/23/2018,129.98,,1561,Severe,,,,,,,,,,
Ahmedabad,10/24/2018,103.71,,906,Severe,,,,,,,,,,
Ahmedabad,10/25/2018,121.11,,824,Severe,,,,,,,,,,
Ahmedabad,10/26/2018,82.49,,578,Severe,,,,,,,,,,
Ahmedabad,10/27/2018,72.93,,161,Moderate,,,,,,,,,,
Ahmedabad,10/28/2018,94.08,,849,Severe,,,,,,,,,,
Ahmedabad,10/29/2018,82.88,,574,Severe,,,,,,,,,,
Ahmedabad,10/30/2018,88.69,,509,Severe,,,,,,,,,,
Ahmedabad,10/31/2018,82.52,,556,Severe,,,,,,,,,,
Ahmedabad,11/1/2018,72.11,,669,Severe,,,,,,,,,,
Ahmedabad,11/2/2018,78.48,,1217,Severe,,,,,,,,,,
Ahmedabad,11/3/2018,103.22,,1033,Severe,,,,,,,,,,
Ahmedabad,11/4/2018,70.39,,625,Severe,,,,,,,,,,
Ahmedabad,11/5/2018,107.9,,803,Severe,,,,,,,,,,
Ahmedabad,11/6/2018,117.08,,741,Severe,,,,,,,,,,
Ahmedabad,11/7/2018,162.18,,776,Severe,,,,,,,,,,
Ahmedabad,11/8/2018,205.21,,1630,Severe,,,,,,,,,,
Ahmedabad,11/9/2018,165.37,,1160,Severe,,,,,,,,,,
Ahmedabad,11/10/2018,110.7,,1056,Severe,,,,,,,,,,
Ahmedabad,11/11/2018,143.72,,1256,Severe,,,,,,,,,,
Ahmedabad,11/12/2018,91.56,,1154,Severe,,,,,,,,,,
Ahmedabad,11/13/2018,133.13,,1548,Severe,,,,,,,,,,
Ahmedabad,11/14/2018,143.52,,820,Severe,,,,,,,,,,
Ahmedabad,11/15/2018,83.28,,688,Severe,,,,,,,,,,
Ahmedabad,11/16/2018,75.58,,595,Severe,,,,,,,,,,
Ahmedabad,11/17/2018,93.73,,1354,Severe,,,,,,,,,,
Ahmedabad,11/18/2018,127.46,,1672,Severe,,,,,,,,,,
Ahmedabad,11/19/2018,98.6,,1472,Severe,,,,,,,,,,
Ahmedabad,11/20/2018,84.71,,1295,Severe,,,,,,,,,,
Ahmedabad,11/21/2018,86.52,,1646,Severe,,,,,,,,,,
Ahmedabad,11/22/2018,90.1,,1329,Severe,,,,,,,,,,
Ahmedabad,11/23/2018,68.52,,530,Severe,,,,,,,,,,
Ahmedabad,11/24/2018,86.43,,798,Severe,,,,,,,,,,
Ahmedabad,11/25/2018,70.51,,689,Severe,,,,,,,,,,
Ahmedabad,11/26/2018,78.48,,413,Severe,,,,,,,,,,
Ahmedabad,11/27/2018,63.75,,415,Severe,,,,,,,,,,
Ahmedabad,11/28/2018,68.3,,228,Poor,,,,,,,,,,
Ahmedabad,11/29/2018,91.23,,392,Very Poor,,,,,,,,,,
Ahmedabad,11/30/2018,92.74,,657,Severe,,,,,,,,,,
Ahmedabad,12/1/2018,96.58,,657,Severe,,,,,,,,,,
Ahmedabad,12/2/2018,91.37,,702,Severe,,,,,,,,,,
Ahmedabad,12/3/2018,88.02,,488,Severe,,,,,,,,,,
Ahmedabad,12/4/2018,96.82,,605,Severe,,,,,,,,,,
Ahmedabad,12/5/2018,96.89,,687,Severe,,,,,,,,,,
Ahmedabad,12/6/2018,109.2,,714,Severe,,,,,,,,,,
Ahmedabad,12/7/2018,94.95,,667,Severe,,,,,,,,,,
Ahmedabad,12/8/2018,75.42,,423,Severe,,,,,,,,,,
Ahmedabad,12/9/2018,73.07,,417,Severe,,,,,,,,,,
Ahmedabad,12/10/2018,98.25,,1158,Severe,,,,,,,,,,
Ahmedabad,12/11/2018,118.16,,938,Severe,,,,,,,,,,
Ahmedabad,12/12/2018,95.4,,920,Severe,,,,,,,,,,
Ahmedabad,12/13/2018,70.04,,336,Very Poor,,,,,,,,,,
Ahmedabad,12/14/2018,56.71,,275,Poor,,,,,,,,,,
Ahmedabad,12/15/2018,59.4,,191,Moderate,,,,,,,,,,
Ahmedabad,12/16/2018,54.75,,172,Moderate,,,,,,,,,,
Ahmedabad,12/17/2018,62.18,,198,Moderate,,,,,,,,,,
Ahmedabad,12/18/2018,238.42,,381,Very Poor,,,,,,,,,,
Ahmedabad,12/19/2018,125.16,,800,Severe,,,,,,,,,,
Ahmedabad,12/20/2018,106.45,,967,Severe,,,,,,,,,,
Ahmedabad,12/21/2018,92.45,,978,Severe,,,,,,,,,,
Ahmedabad,12/22/2018,111.75,,1558,Severe,,,,,,,,,,
Ahmedabad,12/23/2018,106.19,,1300,Severe,,,,,,,,,,
Ahmedabad,12/24/2018,72.1,,355,Very Poor,,,,,,,,,,
Ahmedabad,12/25/2018,79.15,,370,Very Poor,,,,,,,,,,
Ahmedabad,12/26/2018,94.8,,448,Severe,,,,,,,,,,
Ahmedabad,12/27/2018,80.14,,1084,Severe,,,,,,,,,,
Ahmedabad,12/28/2018,89.14,,1319,Severe,,,,,,,,,,
Ahmedabad,12/29/2018,68.29,,379,Very Poor,,,,,,,,,,
Ahmedabad,12/30/2018,67.75,,396,Very Poor,,,,,,,,,,
Ahmedabad,12/31/2018,80.54,,744,Severe,,,,,,,,,,
Ahmedabad,1/1/2019,110.71,,1474,Severe,,,,,,,,,,
Ahmedabad,1/2/2019,147.57,,1246,Severe,,,,,,,,,,
Ahmedabad,1/3/2019,131.5,,1719,Severe,,,,,,,,,,
Ahmedabad,1/4/2019,102.12,,1264,Severe,,,,,,,,,,
Ahmedabad,1/5/2019,115,,1127,Severe,,,,,,,,,,
Ahmedabad,1/6/2019,84.84,,908,Severe,,,,,,,,,,
Ahmedabad,1/7/2019,74.62,,236,Poor,,,,,,,,,,
Ahmedabad,1/8/2019,89.72,,313,Very Poor,,,,,,,,,,
Ahmedabad,1/9/2019,84.03,,471,Severe,,,,,,,,,,
Ahmedabad,1/10/2019,82.79,,661,Severe,,,,,,,,,,
Ahmedabad,1/11/2019,76.38,,711,Severe,,,,,,,,,,
Ahmedabad,1/12/2019,66.01,,854,Severe,,,,,,,,,,
Ahmedabad,1/13/2019,116.42,,1258,Severe,,,,,,,,,,
Ahmedabad,1/14/2019,75.49,,407,Severe,,,,,,,,,,
Ahmedabad,1/15/2019,66.97,,172,Moderate,,,,,,,,,,
Ahmedabad,1/16/2019,161.09,,116,Moderate,,,,,,,,,,
Ahmedabad,1/17/2019,124.45,,1302,Severe,,,,,,,,,,
Ahmedabad,1/18/2019,95.15,,1275,Severe,,,,,,,,,,
Ahmedabad,1/19/2019,73.58,,527,Severe,,,,,,,,,,
Ahmedabad,1/20/2019,86.32,,839,Severe,,,,,,,,,,
Ahmedabad,1/21/2019,149.26,,1537,Severe,,,,,,,,,,
Ahmedabad,1/22/2019,70.06,,547,Severe,,,,,,,,,,
Ahmedabad,1/23/2019,86.59,,716,Severe,,,,,,,,,,
Ahmedabad,1/24/2019,74.12,,464,Severe,,,,,,,,,,
Ahmedabad,1/25/2019,52.92,,302,Very Poor,,,,,,,,,,
Ahmedabad,1/26/2019,47.26,,260,Poor,,,,,,,,,,
Ahmedabad,1/27/2019,52.79,,430,Severe,,,,,,,,,,
Ahmedabad,1/28/2019,63.68,,477,Severe,,,,,,,,,,
Ahmedabad,1/29/2019,73.37,,491,Severe,,,,,,,,,,
Ahmedabad,1/30/2019,55.24,,470,Severe,,,,,,,,,,
Ahmedabad,1/31/2019,83.1,,847,Severe,,,,,,,,,,
Ahmedabad,2/1/2019,76.87,,559,Severe,,,,,,,,,,
Ahmedabad,2/2/2019,47.01,,334,Very Poor,,,,,,,,,,
Ahmedabad,2/3/2019,54.77,,346,Very Poor,,,,,,,,,,
Ahmedabad,2/4/2019,103.13,,529,Severe,,,,,,,,,,
Ahmedabad,2/5/2019,117.59,,1261,Severe,,,,,,,,,,
Ahmedabad,2/6/2019,50.15,,254,Poor,,,,,,,,,,
Ahmedabad,2/7/2019,94.1,,308,Very Poor,,,,,,,,,,
Ahmedabad,2/8/2019,105.03,,290,Poor,,,,,,,,,,
Ahmedabad,2/9/2019,46.5,,340,Very Poor,,,,,,,,,,
Ahmedabad,2/10/2019,41.76,,492,Severe,,,,,,,,,,
Ahmedabad,2/11/2019,46.91,,343,Very Poor,,,,,,,,,,
Ahmedabad,2/12/2019,59.98,,604,Severe,,,,,,,,,,
Ahmedabad,2/13/2019,82.79,,1028,Severe,,,,,,,,,,
Ahmedabad,2/14/2019,62.6,,755,Severe,,,,,,,,,,
Ahmedabad,2/15/2019,72.53,,489,Severe,,,,,,,,,,
Ahmedabad,2/16/2019,44.69,,373,Very Poor,,,,,,,,,,
Ahmedabad,2/17/2019,54.18,,914,Severe,,,,,,,,,,
Ahmedabad,2/18/2019,81.84,,895,Severe,,,,,,,,,,
Ahmedabad,2/19/2019,46.48,,502,Severe,,,,,,,,,,
Ahmedabad,2/20/2019,62.32,,834,Severe,,,,,,,,,,
Ahmedabad,2/21/2019,37.26,,826,Severe,,,,,,,,,,
Ahmedabad,2/22/2019,37.96,,403,Severe,,,,,,,,,,
Ahmedabad,2/23/2019,34.1,,253,Poor,,,,,,,,,,
Ahmedabad,2/24/2019,64.5,,789,Severe,,,,,,,,,,
Ahmedabad,2/25/2019,50.97,,904,Severe,,,,,,,,,,
Ahmedabad,2/26/2019,64.44,,467,Severe,,,,,,,,,,
Ahmedabad,2/27/2019,51.5,,296,Poor,,,,,,,,,,
Ahmedabad,2/28/2019,33.38,,307,Very Poor,,,,,,,,,,
Ahmedabad,3/1/2019,42.11,,350,Very Poor,,,,,,,,,,
Ahmedabad,3/2/2019,46.35,,318,Very Poor,,,,,,,,,,
Ahmedabad,3/3/2019,61.32,,338,Very Poor,,,,,,,,,,
Ahmedabad,3/4/2019,48.84,,276,Poor,,,,,,,,,,
Ahmedabad,3/5/2019,39.23,,286,Poor,,,,,,,,,,
Ahmedabad,3/6/2019,45.37,,461,Severe,,,,,,,,,,
Ahmedabad,3/7/2019,55.7,,824,Severe,,,,,,,,,,
Ahmedabad,3/8/2019,54.11,,754,Severe,,,,,,,,,,
Ahmedabad,3/9/2019,52.68,,926,Severe,,,,,,,,,,
Ahmedabad,3/10/2019,44.12,,280,Poor,,,,,,,,,,
Ahmedabad,3/11/2019,46.52,,310,Very Poor,,,,,,,,,,
Ahmedabad,3/12/2019,57.06,,606,Severe,,,,,,,,,,
Ahmedabad,3/13/2019,84.14,,632,Severe,,,,,,,,,,
Ahmedabad,3/14/2019,52.24,,262,Poor,,,,,,,,,,
Ahmedabad,3/15/2019,62.44,,428,Severe,,,,,,,,,,
Ahmedabad,3/16/2019,66.97,,625,Severe,,,,,,,,,,
Ahmedabad,3/17/2019,75.05,,321,Very Poor,,,,,,,,,,
Ahmedabad,3/18/2019,60.5,,353,Very Poor,,,,,,,,,,
Ahmedabad,3/19/2019,88.33,,1017,Severe,,,,,,,,,,
Ahmedabad,3/20/2019,78.11,,876,Severe,,,,,,,,,,
Ahmedabad,3/21/2019,62.04,,380,Very Poor,,,,,,,,,,
Ahmedabad,3/22/2019,73.98,,730,Severe,,,,,,,,,,
Ahmedabad,3/23/2019,75.84,,998,Severe,,,,,,,,,,
Ahmedabad,3/24/2019,92.21,,917,Severe,,,,,,,,,,
Ahmedabad,3/25/2019,64.71,,402,Severe,,,,,,,,,,
Ahmedabad,3/26/2019,67.44,,404,Severe,,,,,,,,,,
Ahmedabad,3/27/2019,69.51,,559,Severe,,,,,,,,,,
Ahmedabad,3/28/2019,112.44,,1459,Severe,,,,,,,,,,
Ahmedabad,3/29/2019,133.21,,1222,Severe,,,,,,,,,,
Ahmedabad,3/30/2019,89.74,,869,Severe,,,,,,,,,,
Ahmedabad,3/31/2019,74.35,,471,Severe,,,,,,,,,,
Ahmedabad,4/1/2019,96.96,,353,Very Poor,,,,,,,,,,
Ahmedabad,4/2/2019,122.78,,679,Severe,,,,,,,,,,
Ahmedabad,4/3/2019,109.21,,688,Severe,,,,,,,,,,
Ahmedabad,4/4/2019,94.41,,1044,Severe,,,,,,,,,,
Ahmedabad,4/5/2019,97.92,,537,Severe,,,,,,,,,,
Ahmedabad,4/6/2019,97.68,,420,Severe,,,,,,,,,,
Ahmedabad,4/7/2019,99.9,,534,Severe,,,,,,,,,,
Ahmedabad,4/8/2019,78.55,,472,Severe,,,,,,,,,,
Ahmedabad,4/9/2019,73.58,,493,Severe,,,,,,,,,,
Ahmedabad,4/10/2019,64.02,,566,Severe,,,,,,,,,,
Ahmedabad,4/11/2019,81.22,,1121,Severe,,,,,,,,,,
Ahmedabad,4/12/2019,75.74,,944,Severe,,,,,,,,,,
Ahmedabad,4/13/2019,70.14,,395,Very Poor,,,,,,,,,,
Ahmedabad,4/14/2019,67.2,,406,Severe,,,,,,,,,,
Ahmedabad,4/15/2019,225.49,,649,Severe,,,,,,,,,,
Ahmedabad,4/16/2019,182.46,,428,Severe,,,,,,,,,,
Ahmedabad,4/17/2019,95.69,,392,Very Poor,,,,,,,,,,
Ahmedabad,4/18/2019,93.12,,274,Poor,,,,,,,,,,
Ahmedabad,4/19/2019,64.3,,354,Very Poor,,,,,,,,,,
Ahmedabad,4/20/2019,81.71,,419,Severe,,,,,,,,,,
Ahmedabad,4/21/2019,66.39,,1205,Severe,,,,,,,,,,
Ahmedabad,4/22/2019,92.59,,778,Severe,,,,,,,,,,
Ahmedabad,4/23/2019,84.47,,730,Severe,,,,,,,,,,
Ahmedabad,4/24/2019,76.98,,608,Severe,,,,,,,,,,
Ahmedabad,4/28/2019,91.99,,1346,Severe,,,,,,,,,,
Ahmedabad,4/29/2019,110.7,,1015,Severe,,,,,,,,,,
Ahmedabad,4/30/2019,132.76,,255,Poor,,,,,,,,,,
Ahmedabad,5/1/2019,113.47,,518,Severe,,,,,,,,,,
Ahmedabad,5/2/2019,101.68,,604,Severe,,,,,,,,,,
Ahmedabad,5/3/2019,86.07,,315,Very Poor,,,,,,,,,,
Ahmedabad,5/4/2019,72.58,,326,Very Poor,,,,,,,,,,
Ahmedabad,5/5/2019,81.79,,449,Severe,,,,,,,,,,
Ahmedabad,5/6/2019,72.54,,455,Severe,,,,,,,,,,
Ahmedabad,5/7/2019,58.71,,398,Very Poor,,,,,,,,,,
Ahmedabad,5/8/2019,72.51,,346,Very Poor,,,,,,,,,,
Ahmedabad,5/9/2019,43.83,,291,Poor,,,,,,,,,,
Ahmedabad,5/15/2019,37.55,122.41,281,Poor,,,,,,,,,,
Ahmedabad,5/16/2019,33.97,116.32,330,Very Poor,,,,,,,,,,
Ahmedabad,5/17/2019,35.48,130.07,356,Very Poor,,,,,,,,,,
Ahmedabad,5/18/2019,34.11,138.31,359,Very Poor,,,,,,,,,,
Ahmedabad,5/19/2019,33.69,111.73,547,Severe,,,,,,,,,,
Ahmedabad,5/20/2019,42.31,118.65,813,Severe,,,,,,,,,,
Ahmedabad,5/21/2019,24.6,103.88,321,Very Poor,,,,,,,,,,
Ahmedabad,5/22/2019,27.93,103.3,270,Poor,,,,,,,,,,
Ahmedabad,5/23/2019,41.39,135.65,323,Very Poor,,,,,,,,,,
Ahmedabad,5/24/2019,46.79,148,344,Very Poor,,,,,,,,,,
Ahmedabad,5/25/2019,51.63,156.97,404,Severe,,,,,,,,,,
Ahmedabad,5/26/2019,63.15,177.87,558,Severe,,,,,,,,,,
Ahmedabad,5/27/2019,57.47,163.36,435,Severe,,,,,,,,,,
Ahmedabad,5/28/2019,50.27,156.63,440,Severe,,,,,,,,,,
Ahmedabad,5/29/2019,42.02,140.66,374,Very Poor,,,,,,,,,,
Ahmedabad,5/30/2019,48.74,153.69,515,Severe,,,,,,,,,,
Ahmedabad,5/31/2019,46.51,136.34,360,Very Poor,,,,,,,,,,
Ahmedabad,6/1/2019,48.1,142.06,467,Severe,,,,,,,,,,
Ahmedabad,6/2/2019,41.38,119.91,402,Severe,,,,,,,,,,
Ahmedabad,6/3/2019,46.46,134.2,419,Severe,,,,,,,,,,
Ahmedabad,6/4/2019,39.68,117.51,408,Severe,,,,,,,,,,
Ahmedabad,6/5/2019,38.27,113.84,402,Severe,,,,,,,,,,
Ahmedabad,6/6/2019,35.06,127.56,303,Very Poor,,,,,,,,,,
Ahmedabad,6/7/2019,30.07,124.01,354,Very Poor,,,,,,,,,,
Ahmedabad,6/8/2019,48.74,135.9,358,Very Poor,,,,,,,,,,
Ahmedabad,6/9/2019,35.3,120.77,324,Very Poor,,,,,,,,,,
Ahmedabad,6/10/2019,34.31,115.46,360,Very Poor,,,,,,,,,,
Ahmedabad,6/11/2019,33.97,107.59,348,Very Poor,,,,,,,,,,
Ahmedabad,6/12/2019,41.08,156.33,333,Very Poor,,,,,,,,,,
Ahmedabad,6/13/2019,25.56,77.07,321,Very Poor,,,,,,,,,,
Ahmedabad,6/14/2019,26.75,103.12,338,Very Poor,,,,,,,,,,
Ahmedabad,6/15/2019,32.71,96.84,369,Very Poor,,,,,,,,,,
Ahmedabad,6/16/2019,32.79,107.15,397,Very Poor,,,,,,,,,,
Ahmedabad,6/17/2019,28.02,104.64,414,Severe,,,,,,,,,,
Ahmedabad,6/18/2019,26.92,72.7,363,Very Poor,,,,,,,,,,
Ahmedabad,6/19/2019,69.38,171.87,371,Very Poor,,,,,,,,,,
Ahmedabad,6/20/2019,42.08,125.62,565,Severe,,,,,,,,,,
Ahmedabad,6/21/2019,35.67,103.64,348,Very Poor,,,,,,,,,,
Ahmedabad,6/22/2019,63.09,152.67,184,Moderate,,,,,,,,,,
Ahmedabad,6/23/2019,46.13,102.66,328,Very Poor,,,,,,,,,,
Ahmedabad,6/24/2019,57.49,115.42,440,Severe,,,,,,,,,,
Ahmedabad,6/25/2019,49.23,97.91,411,Severe,,,,,,,,,,
Ahmedabad,6/26/2019,70.03,136.54,469,Severe,,,,,,,,,,
Ahmedabad,6/27/2019,60.03,109.4,436,Severe,,,,,,,,,,
Ahmedabad,6/28/2019,49.43,102.77,517,Severe,,,,,,,,,,
Ahmedabad,6/29/2019,59.63,112.5,640,Severe,,,,,,,,,,
Ahmedabad,6/30/2019,53.13,117.3,465,Severe,,,,,,,,,,
Ahmedabad,7/1/2019,43.22,104.74,486,Severe,,,,,,,,,,
Ahmedabad,7/2/2019,44.75,114.84,446,Severe,,,,,,,,,,
Ahmedabad,7/3/2019,44.27,96.61,426,Severe,,,,,,,,,,
Ahmedabad,7/4/2019,47.77,102.68,534,Severe,,,,,,,,,,
Ahmedabad,7/5/2019,47.88,116.88,610,Severe,,,,,,,,,,
Ahmedabad,7/6/2019,47.71,100.89,491,Severe,,,,,,,,,,
Ahmedabad,7/7/2019,34.72,80.67,451,Severe,,,,,,,,,,
Ahmedabad,7/8/2019,37.99,113.3,509,Severe,,,,,,,,,,
Ahmedabad,7/9/2019,41.69,120.12,491,Severe,,,,,,,,,,
Ahmedabad,7/10/2019,45.31,128.97,524,Severe,,,,,,,,,,
Ahmedabad,7/11/2019,43.48,116.84,575,Severe,,,,,,,,,,
Ahmedabad,7/12/2019,41.97,109.2,490,Severe,,,,,,,,,,
Ahmedabad,7/13/2019,38.49,101.6,503,Severe,,,,,,,,,,
Ahmedabad,7/14/2019,41.7,109.85,469,Severe,,,,,,,,,,
Ahmedabad,7/15/2019,42.43,116.7,455,Severe,,,,,,,,,,
Ahmedabad,7/16/2019,38.99,114.94,488,Severe,,,,,,,,,,
Ahmedabad,7/17/2019,34.92,114.11,513,Severe,,,,,,,,,,
Ahmedabad,7/18/2019,32.7,105.78,466,Severe,,,,,,,,,,
Ahmedabad,7/19/2019,44.65,120.74,429,Severe,,,,,,,,,,
Ahmedabad,7/20/2019,51.63,130.55,459,Severe,,,,,,,,,,
Ahmedabad,7/21/2019,48.67,104.86,385,Very Poor,,,,,,,,,,
Ahmedabad,7/22/2019,37.73,82.63,309,Very Poor,,,,,,,,,,
Ahmedabad,7/23/2019,73.98,202.3,587,Severe,,,,,,,,,,
Ahmedabad,7/24/2019,52.55,172.36,482,Severe,,,,,,,,,,
Ahmedabad,7/25/2019,48.26,165.97,502,Severe,,,,,,,,,,
Ahmedabad,7/26/2019,46.8,98.91,469,Severe,,,,,,,,,,
Ahmedabad,7/27/2019,39.43,98.23,413,Severe,,,,,,,,,,
Ahmedabad,7/28/2019,47.55,100.1,478,Severe,,,,,,,,,,
Ahmedabad,7/29/2019,43.84,148.04,515,Severe,,,,,,,,,,
Ahmedabad,7/30/2019,41.45,,461,Severe,,,,,,,,,,
Ahmedabad,8/1/2019,47.31,110.65,957,Severe,,,,,,,,,,
Ahmedabad,8/2/2019,56.72,139.31,685,Severe,,,,,,,,,,
Ahmedabad,8/3/2019,45.43,118.95,492,Severe,,,,,,,,,,
Ahmedabad,8/4/2019,37.7,106.26,464,Severe,,,,,,,,,,
Ahmedabad,8/5/2019,43.43,153.39,477,Severe,,,,,,,,,,
Ahmedabad,8/6/2019,50.53,181.39,564,Severe,,,,,,,,,,
Ahmedabad,8/7/2019,60.09,199.34,545,Severe,,,,,,,,,,
Ahmedabad,8/8/2019,57.61,195.84,530,Severe,,,,,,,,,,
Ahmedabad,8/9/2019,44.1,99.59,448,Severe,,,,,,,,,,
Ahmedabad,8/10/2019,22.26,50.03,440,Severe,,,,,,,,,,
Ahmedabad,8/11/2019,37.97,95.65,452,Severe,,,,,,,,,,
Ahmedabad,8/12/2019,46.3,160.82,573,Severe,,,,,,,,,,
Ahmedabad,8/13/2019,41.77,175.24,467,Severe,,,,,,,,,,
Ahmedabad,8/14/2019,47.52,184.48,492,Severe,,,,,,,,,,
Ahmedabad,8/15/2019,50.55,117.04,471,Severe,,,,,,,,,,
Ahmedabad,8/16/2019,27.6,75.1,505,Severe,,,,,,,,,,
Ahmedabad,8/17/2019,41.4,143.82,473,Severe,,,,,,,,,,
Ahmedabad,8/18/2019,44.46,134.58,539,Severe,,,,,,,,,,
Ahmedabad,8/19/2019,39.88,184.17,627,Severe,,,,,,,,,,
Ahmedabad,8/20/2019,46.58,138.91,466,Severe,,,,,,,,,,
Ahmedabad,8/21/2019,36.44,151.31,465,Severe,,,,,,,,,,
Ahmedabad,8/22/2019,45.37,176.7,462,Severe,,,,,,,,,,
Ahmedabad,8/23/2019,47.67,182.75,523,Severe,,,,,,,,,,
Ahmedabad,8/24/2019,41.31,142.75,385,Very Poor,,,,,,,,,,
Ahmedabad,8/25/2019,30.82,119.98,360,Very Poor,,,,,,,,,,
Ahmedabad,8/26/2019,45.77,164.31,532,Severe,,,,,,,,,,
Ahmedabad,8/27/2019,58.51,142.29,651,Severe,,,,,,,,,,
Ahmedabad,8/28/2019,36.1,88.66,434,Severe,,,,,,,,,,
Ahmedabad,8/29/2019,38.5,93.7,517,Severe,,,,,,,,,,
Ahmedabad,8/30/2019,40.53,118.21,563,Severe,,,,,,,,,,
Ahmedabad,8/31/2019,37.05,111.11,464,Severe,,,,,,,,,,
Ahmedabad,9/1/2019,31.28,87.45,420,Severe,,,,,,,,,,
Ahmedabad,9/2/2019,25.64,69.07,419,Severe,,,,,,,,,,
Ahmedabad,9/3/2019,40.18,82.81,447,Severe,,,,,,,,,,
Ahmedabad,9/4/2019,39.16,86.22,401,Severe,,,,,,,,,,
Ahmedabad,9/5/2019,45.55,69.01,446,Severe,,,,,,,,,,
Ahmedabad,9/6/2019,55.43,80.39,432,Severe,,,,,,,,,,
Ahmedabad,9/7/2019,35.05,77.28,454,Severe,,,,,,,,,,
Ahmedabad,9/8/2019,33.15,59.41,408,Severe,,,,,,,,,,
Ahmedabad,9/9/2019,38.7,69.84,381,Very Poor,,,,,,,,,,
Ahmedabad,9/10/2019,45.2,69.26,468,Severe,,,,,,,,,,
Ahmedabad,9/14/2019,59.96,,629,Severe,,,,,,,,,,
Ahmedabad,9/15/2019,66.21,171.53,793,Severe,,,,,,,,,,
Ahmedabad,9/16/2019,38,107.96,495,Severe,,,,,,,,,,
Ahmedabad,9/17/2019,44.41,102.31,528,Severe,,,,,,,,,,
Ahmedabad,9/18/2019,50.66,126.48,570,Severe,,,,,,,,,,
Ahmedabad,9/19/2019,73.61,133.78,708,Severe,,,,,,,,,,
Ahmedabad,9/20/2019,27.17,55.41,314,Very Poor,,,,,,,,,,
Ahmedabad,9/21/2019,39.27,73.22,386,Very Poor,,,,,,,,,,
Ahmedabad,9/22/2019,45.4,85.77,356,Very Poor,,,,,,,,,,
Ahmedabad,9/23/2019,59.74,108.29,398,Very Poor,,,,,,,,,,
Ahmedabad,9/24/2019,58.49,89.47,476,Severe,,,,,,,,,,
Ahmedabad,9/25/2019,61.46,103.64,572,Severe,,,,,,,,,,
Ahmedabad,9/26/2019,39.34,59.29,427,Severe,,,,,,,,,,
Ahmedabad,9/27/2019,28.2,40.35,466,Severe,,,,,,,,,,
Ahmedabad,9/28/2019,30.18,48.65,438,Severe,,,,,,,,,,
Ahmedabad,9/29/2019,20.71,44.65,432,Severe,,,,,,,,,,
Ahmedabad,9/30/2019,21.94,34.95,322,Very Poor,,,,,,,,,,
Ahmedabad,10/1/2019,33.66,56.01,266,Poor,,,,,,,,,,
Ahmedabad,10/2/2019,51.11,106.2,430,Severe,,,,,,,,,,
Ahmedabad,10/3/2019,57.08,126.9,528,Severe,,,,,,,,,,
Ahmedabad,10/4/2019,49.88,127.47,512,Severe,,,,,,,,,,
Ahmedabad,10/5/2019,57.65,138.99,614,Severe,,,,,,,,,,
Ahmedabad,10/6/2019,68.62,117.69,954,Severe,,,,,,,,,,
Ahmedabad,10/7/2019,99.81,155.39,1217,Severe,,,,,,,,,,
Ahmedabad,10/8/2019,73.52,153.75,659,Severe,,,,,,,,,,
Ahmedabad,10/9/2019,108.07,195.19,1389,Severe,,,,,,,,,,
Ahmedabad,10/10/2019,117.13,188.14,1195,Severe,,,,,,,,,,
Ahmedabad,10/11/2019,70.26,153.84,615,Severe,,,,,,,,,,
Ahmedabad,10/12/2019,109.48,212.8,904,Severe,,,,,,,,,,
Ahmedabad,10/13/2019,194.36,335.86,1595,Severe,,,,,,,,,,
Ahmedabad,10/15/2019,96.74,208.83,919,Severe,,,,,,,,,,
Ahmedabad,10/16/2019,90.7,188.75,1190,Severe,,,,,,,,,,
Ahmedabad,10/17/2019,100.06,175.79,956,Severe,,,,,,,,,,
Ahmedabad,10/18/2019,109.01,174.56,1124,Severe,,,,,,,,,,
Ahmedabad,10/19/2019,87.87,154.68,318,Very Poor,,,,,,,,,,
Ahmedabad,10/20/2019,89.05,129.36,228,Poor,,,,,,,,,,
Ahmedabad,10/21/2019,81.62,118.57,225,Poor,,,,,,,,,,
Ahmedabad,10/22/2019,84.9,128.62,258,Poor,,,,,,,,,,
Ahmedabad,10/23/2019,46.84,83.85,249,Poor,,,,,,,,,,
Ahmedabad,10/24/2019,53.59,106.77,270,Poor,,,,,,,,,,
Ahmedabad,10/25/2019,82.74,148.8,334,Very Poor,,,,,,,,,,
Ahmedabad,10/26/2019,62.7,108.91,273,Poor,,,,,,,,,,
Ahmedabad,10/27/2019,57.54,81.3,199,Moderate,,,,,,,,,,
Ahmedabad,10/28/2019,75.12,158.06,212,Poor,,,,,,,,,,
Ahmedabad,10/29/2019,37.74,93.24,200,Moderate,,,,,,,,,,
Ahmedabad,10/30/2019,20.1,52.97,305,Very Poor,,,,,,,,,,
Ahmedabad,10/31/2019,54.57,135.53,502,Severe,,,,,,,,,,
Ahmedabad,11/1/2019,63.17,145.88,362,Very Poor,,,,,,,,,,
Ahmedabad,11/2/2019,42.27,111.98,275,Poor,,,,,,,,,,
Ahmedabad,11/3/2019,33.68,69.15,351,Very Poor,,,,,,,,,,
Ahmedabad,11/4/2019,69.31,112.61,636,Severe,,,,,,,,,,
Ahmedabad,11/5/2019,84.29,131.73,346,Very Poor,,,,,,,,,,
Ahmedabad,11/6/2019,112.08,171.65,561,Severe,,,,,,,,,,
Ahmedabad,11/7/2019,56.86,79.47,358,Very Poor,,,,,,,,,,
Ahmedabad,11/8/2019,64.96,92.32,316,Very Poor,,,,,,,,,,
Ahmedabad,11/9/2019,48.99,107.67,358,Very Poor,,,,,,,,,,
Ahmedabad,11/10/2019,68.07,133.46,282,Poor,,,,,,,,,,
Ahmedabad,11/11/2019,84.08,170.94,289,Poor,,,,,,,,,,
Ahmedabad,11/12/2019,100.47,217.53,733,Severe,,,,,,,,,,
Ahmedabad,11/13/2019,88,145.34,638,Severe,,,,,,,,,,
Ahmedabad,11/14/2019,49.19,116.2,415,Severe,,,,,,,,,,
Ahmedabad,11/15/2019,43.56,94.58,411,Severe,,,,,,,,,,
Ahmedabad,11/16/2019,70.05,133.55,433,Severe,,,,,,,,,,
Ahmedabad,11/17/2019,58.66,78.4,632,Severe,,,,,,,,,,
Ahmedabad,11/18/2019,62.15,94.91,883,Severe,,,,,,,,,,
Ahmedabad,11/19/2019,52.04,85.17,884,Severe,,,,,,,,,,
Ahmedabad,11/20/2019,46.54,93.8,552,Severe,,,,,,,,,,
Ahmedabad,11/21/2019,55.43,91.22,662,Severe,,,,,,,,,,
Ahmedabad,11/22/2019,55.5,95.86,356,Very Poor,,,,,,,,,,
Ahmedabad,11/23/2019,58.97,104.2,477,Severe,,,,,,,,,,
Ahmedabad,11/24/2019,60.38,98.67,443,Severe,,,,,,,,,,
Ahmedabad,11/25/2019,73.87,106.75,378,Very Poor,,,,,,,,,,
Ahmedabad,11/26/2019,64.06,101.44,441,Severe,,,,,,,,,,
Ahmedabad,11/27/2019,53.91,108.89,411,Severe,,,,,,,,,,
Ahmedabad,11/28/2019,38.15,89.99,236,Poor,,,,,,,,,,
Ahmedabad,11/29/2019,48.47,87.26,212,Poor,,,,,,,,,,
Ahmedabad,11/30/2019,46.95,86.39,199,Moderate,,,,,,,,,,
Ahmedabad,12/1/2019,43.06,79.08,248,Poor,,,,,,,,,,
Ahmedabad,12/2/2019,46.74,76.39,192,Moderate,,,,,,,,,,
Ahmedabad,12/3/2019,41.61,83.5,134,Moderate,,,,,,,,,,
Ahmedabad,12/4/2019,77.66,99.48,140,Moderate,,,,,,,,,,
Ahmedabad,12/5/2019,65.48,121.86,197,Moderate,,,,,,,,,,
Ahmedabad,12/6/2019,64.87,122.33,344,Very Poor,,,,,,,,,,
Ahmedabad,12/7/2019,93.24,157.33,276,Poor,,,,,,,,,,
Ahmedabad,12/8/2019,92.26,135.81,293,Poor,,,,,,,,,,
Ahmedabad,12/9/2019,78.95,123.59,329,Very Poor,,,,,,,,,,
Ahmedabad,12/10/2019,86.88,143.98,458,Severe,,,,,,,,,,
Ahmedabad,12/11/2019,72.3,118.19,538,Severe,,,,,,,,,,
Ahmedabad,12/12/2019,62.39,116.84,520,Severe,,,,,,,,,,
Ahmedabad,12/13/2019,52.59,92.57,242,Poor,,,,,,,,,,
Ahmedabad,12/14/2019,63.33,99.3,157,Moderate,,,,,,,,,,
Ahmedabad,12/15/2019,48.58,93.92,177,Moderate,,,,,,,,,,
Ahmedabad,12/16/2019,45.47,89.73,145,Moderate,,,,,,,,,,
Ahmedabad,12/17/2019,54.42,102.4,237,Poor,,,,,,,,,,
Ahmedabad,12/18/2019,72.45,116.1,231,Poor,,,,,,,,,,
Ahmedabad,12/19/2019,89.97,155.63,391,Very Poor,,,,,,,,,,
Ahmedabad,12/20/2019,104.25,163.95,712,Severe,,,,,,,,,,
Ahmedabad,12/21/2019,64.25,121.71,206,Poor,,,,,,,,,,
Ahmedabad,12/22/2019,60.17,104.08,170,Moderate,,,,,,,,,,
Ahmedabad,12/23/2019,57.99,97.02,113,Moderate,,,,,,,,,,
Ahmedabad,12/24/2019,49.63,95.51,113,Moderate,,,,,,,,,,
Ahmedabad,12/25/2019,53,98.1,166,Moderate,,,,,,,,,,
Ahmedabad,12/26/2019,52.77,95.25,216,Poor,,,,,,,,,,
Ahmedabad,12/27/2019,39.89,83.69,381,Very Poor,,,,,,,,,,
Ahmedabad,12/28/2019,43.95,85.68,288,Poor,,,,,,,,,,
Ahmedabad,12/29/2019,53.52,89.41,398,Very Poor,,,,,,,,,,
Ahmedabad,12/30/2019,69.1,115.57,703,Severe,,,,,,,,,,
Ahmedabad,12/31/2019,74.18,126.67,385,Very Poor,,,,,,,,,,
Ahmedabad,1/1/2020,79.57,131.62,216,Poor,,,,,,,,,,
Ahmedabad,1/2/2020,72.59,128.86,162,Moderate,,,,,,,,,,
Ahmedabad,1/3/2020,69.54,128.99,220,Poor,,,,,,,,,,
Ahmedabad,1/4/2020,66.2,138.47,254,Poor,,,,,,,,,,
Ahmedabad,1/5/2020,55.99,110.41,255,Poor,,,,,,,,,,
Ahmedabad,1/6/2020,46.96,109.44,175,Moderate,,,,,,,,,,
Ahmedabad,1/7/2020,70.06,161.09,285,Poor,,,,,,,,,,
Ahmedabad,1/8/2020,61.4,118.44,157,Moderate,,,,,,,,,,
Ahmedabad,1/9/2020,38.89,93.4,129,Moderate,,,,,,,,,,
Ahmedabad,1/10/2020,56.14,108.83,129,Moderate,,,,,,,,,,
Ahmedabad,1/11/2020,59.96,109.98,114,Moderate,,,,,,,,,,
Ahmedabad,1/12/2020,83.9,152.94,212,Poor,,,,,,,,,,
Ahmedabad,1/13/2020,89.34,143.84,368,Very Poor,,,,,,,,,,
Ahmedabad,1/14/2020,39.83,44.53,189,Moderate,,,,,,,,,,
Ahmedabad,1/15/2020,53.27,90.4,142,Moderate,,,,,,,,,,
Ahmedabad,1/16/2020,40.07,79.32,152,Moderate,,,,,,,,,,
Ahmedabad,1/17/2020,80.24,219.84,334,Very Poor,,,,,,,,,,
Ahmedabad,1/18/2020,59.51,106.43,547,Severe,,,,,,,,,,
Ahmedabad,1/19/2020,36.05,79.23,375,Very Poor,,,,,,,,,,
Ahmedabad,1/20/2020,36.21,82.86,384,Very Poor,,,,,,,,,,
Ahmedabad,1/21/2020,51.15,123.03,529,Severe,,,,,,,,,,
Ahmedabad,1/22/2020,51.32,121.82,449,Severe,,,,,,,,,,
Ahmedabad,1/23/2020,38.71,88.47,483,Severe,,,,,,,,,,
Ahmedabad,1/28/2020,18.03,66.54,289,Poor,,,,,,,,,,
Ahmedabad,1/29/2020,28.77,73.99,204,Poor,,,,,,,,,,
Ahmedabad,1/30/2020,41.74,92.88,528,Severe,,,,,,,,,,
Ahmedabad,1/31/2020,57.28,109.84,660,Severe,,,,,,,,,,
Ahmedabad,2/1/2020,88.79,125.19,483,Severe,,,,,,,,,,
Ahmedabad,2/2/2020,52.31,97.67,336,Very Poor,,,,,,,,,,
Ahmedabad,2/3/2020,68.19,106.14,272,Poor,,,,,,,,,,
Ahmedabad,2/4/2020,80.59,127.97,571,Severe,,,,,,,,,,
Ahmedabad,2/5/2020,77.56,137.39,568,Severe,,,,,,,,,,
Ahmedabad,2/6/2020,56.5,121.52,387,Very Poor,,,,,,,,,,
Ahmedabad,2/7/2020,66.87,127.71,322,Very Poor,,,,,,,,,,
Ahmedabad,2/8/2020,95.25,160.18,652,Severe,,,,,,,,,,
Ahmedabad,2/9/2020,69.85,124.4,215,Poor,,,,,,,,,,
Ahmedabad,2/10/2020,64.94,116.45,223,Poor,,,,,,,,,,
Ahmedabad,2/11/2020,79.58,145.12,340,Very Poor,,,,,,,,,,
Ahmedabad,2/12/2020,83.67,164.2,475,Severe,,,,,,,,,,
Ahmedabad,2/13/2020,88.83,182.12,974,Severe,,,,,,,,,,
Ahmedabad,2/14/2020,50.55,116.51,412,Severe,,,,,,,,,,
Ahmedabad,2/15/2020,73.04,136.02,480,Severe,,,,,,,,,,
Ahmedabad,2/16/2020,59.47,124.36,388,Very Poor,,,,,,,,,,
Ahmedabad,2/17/2020,62.48,147.78,543,Severe,,,,,,,,,,
Ahmedabad,2/18/2020,85.33,163.52,1226,Severe,,,,,,,,,,
Ahmedabad,2/19/2020,114.79,217.94,1291,Severe,,,,,,,,,,
Ahmedabad,2/20/2020,65.74,164.24,493,Severe,,,,,,,,,,
Ahmedabad,2/21/2020,60.61,133.31,407,Severe,,,,,,,,,,
Ahmedabad,2/22/2020,36.35,97.03,168,Moderate,,,,,,,,,,
Ahmedabad,2/23/2020,54.06,104.74,219,Poor,,,,,,,,,,
Ahmedabad,2/24/2020,68.68,141.39,282,Poor,,,,,,,,,,
Ahmedabad,2/25/2020,73.18,193.22,528,Severe,,,,,,,,,,
Ahmedabad,2/26/2020,137.81,242.98,983,Severe,,,,,,,,,,
Ahmedabad,2/27/2020,94.27,177.11,1262,Severe,,,,,,,,,,
Ahmedabad,2/28/2020,79.68,169.52,962,Severe,,,,,,,,,,
Ahmedabad,2/29/2020,53.86,136.6,421,Severe,,,,,,,,,,
Ahmedabad,3/1/2020,53.06,123.32,475,Severe,,,,,,,,,,
Ahmedabad,3/2/2020,56.2,149.92,508,Severe,,,,,,,,,,
Ahmedabad,3/3/2020,77.58,155.65,460,Severe,,,,,,,,,,
Ahmedabad,3/4/2020,49.16,125.88,246,Poor,,,,,,,,,,
Ahmedabad,3/5/2020,43.75,115.5,261,Poor,,,,,,,,,,
Ahmedabad,3/6/2020,54.05,128.08,308,Very Poor,,,,,,,,,,
Ahmedabad,3/7/2020,51.32,140.9,359,Very Poor,,,,,,,,,,
Ahmedabad,3/8/2020,35.04,85.35,325,Very Poor,,,,,,,,,,
Ahmedabad,3/9/2020,37.02,90.26,170,Moderate,,,,,,,,,,
Ahmedabad,3/10/2020,37.67,94.36,116,Moderate,,,,,,,,,,
Ahmedabad,3/11/2020,31.12,80.79,152,Moderate,,,,,,,,,,
Ahmedabad,3/12/2020,41.19,114.05,218,Poor,,,,,,,,,,
Ahmedabad,3/13/2020,41.72,97.7,302,Very Poor,,,,,,,,,,
Ahmedabad,3/14/2020,39.57,111.46,170,Moderate,,,,,,,,,,
Ahmedabad,3/15/2020,39.42,115.8,215,Poor,,,,,,,,,,
Ahmedabad,3/16/2020,36.03,90.32,222,Poor,,,,,,,,,,
Ahmedabad,3/17/2020,53.07,112.92,310,Very Poor,,,,,,,,,,
Ahmedabad,3/18/2020,58.54,124.58,487,Severe,,,,,,,,,,
Ahmedabad,3/19/2020,101.09,162.86,988,Severe,,,,,,,,,,
Ahmedabad,3/21/2020,74.43,132.17,296,Poor,,,,,,,,,,
Ahmedabad,3/22/2020,48.16,122.17,180,Moderate,,,,,,,,,,
Ahmedabad,3/23/2020,44.61,112.32,247,Poor,,,,,,,,,,
Ahmedabad,3/24/2020,31.89,98.52,135,Moderate,,,,,,,,,,
Ahmedabad,3/25/2020,33.25,91.38,195,Moderate,,,,,,,,,,
Ahmedabad,3/26/2020,43.67,91.12,216,Poor,,,,,,,,,,
Ahmedabad,3/27/2020,22.93,37.12,193,Moderate,,,,,,,,,,
Ahmedabad,3/28/2020,37.73,72.43,160,Moderate,,,,,,,,,,
Ahmedabad,3/29/2020,20.67,75.48,125,Moderate,,,,,,,,,,
Ahmedabad,3/30/2020,28.55,89.1,140,Moderate,,,,,,,,,,
Ahmedabad,3/31/2020,29.97,98.96,145,Moderate,,,,,,,,,,
Ahmedabad,4/1/2020,24.79,86.06,153,Moderate,,,,,,,,,,
Ahmedabad,4/2/2020,25.52,88.12,164,Moderate,,,,,,,,,,
Ahmedabad,4/3/2020,33.48,87.96,173,Moderate,,,,,,,,,,
Ahmedabad,4/4/2020,39.44,84.83,182,Moderate,,,,,,,,,,
Ahmedabad,4/5/2020,43.77,87.96,152,Moderate,,,,,,,,,,
Ahmedabad,4/6/2020,46.64,95.3,145,Moderate,,,,,,,,,,
Ahmedabad,4/7/2020,45.8,104.5,159,Moderate,,,,,,,,,,
Ahmedabad,4/8/2020,36.3,90.07,183,Moderate,,,,,,,,,,
Ahmedabad,4/9/2020,32.12,89.74,168,Moderate,,,,,,,,,,
Ahmedabad,4/10/2020,30.73,78.56,113,Moderate,,,,,,,,,,
Ahmedabad,4/11/2020,30.18,74.99,89,Satisfactory,,,,,,,,,,
Ahmedabad,4/12/2020,26.7,72.83,101,Moderate,,,,,,,,,,
Ahmedabad,4/13/2020,18.77,61.54,95,Satisfactory,,,,,,,,,,
Ahmedabad,4/14/2020,31.16,72.09,89,Satisfactory,,,,,,,,,,
Ahmedabad,4/15/2020,23.69,64.81,88,Satisfactory,,,,,,,,,,
Ahmedabad,4/16/2020,38.65,81.47,95,Satisfactory,,,,,,,,,,
Ahmedabad,4/17/2020,30.8,76.25,92,Satisfactory,,,,,,,,,,
Ahmedabad,4/18/2020,30.69,107.31,96,Satisfactory,,,,,,,,,,
Ahmedabad,4/19/2020,21.27,65.12,99,Satisfactory,,,,,,,,,,
Ahmedabad,4/20/2020,29.84,77.98,86,Satisfactory,,,,,,,,,,
Ahmedabad,4/21/2020,27.81,73.99,87,Satisfactory,,,,,,,,,,
Ahmedabad,4/22/2020,32.11,94.34,101,Moderate,,,,,,,,,,
Ahmedabad,4/23/2020,31.67,81.09,106,Moderate,,,,,,,,,,
Ahmedabad,4/24/2020,27.19,82.36,110,Moderate,,,,,,,,,,
Ahmedabad,4/25/2020,28.25,70.48,98,Satisfactory,,,,,,,,,,
Ahmedabad,4/26/2020,25.91,73.35,101,Moderate,,,,,,,,,,
Ahmedabad,4/27/2020,31.76,81.16,117,Moderate,,,,,,,,,,
Ahmedabad,4/28/2020,32.55,87.41,130,Moderate,,,,,,,,,,
Ahmedabad,4/29/2020,27.15,76.73,122,Moderate,,,,,,,,,,
Ahmedabad,4/30/2020,26.93,74.38,128,Moderate,,,,,,,,,,
Ahmedabad,5/1/2020,28.71,89.91,128,Moderate,,,,,,,,,,
Ahmedabad,5/2/2020,22.56,63.23,131,Moderate,,,,,,,,,,
Ahmedabad,5/3/2020,23.82,62.1,121,Moderate,,,,,,,,,,
Ahmedabad,5/4/2020,23.73,69.88,130,Moderate,,,,,,,,,,
Ahmedabad,5/5/2020,33.47,134.83,143,Moderate,,,,,,,,,,
Ahmedabad,5/6/2020,26.52,79.38,146,Moderate,,,,,,,,,,
Ahmedabad,5/7/2020,30.45,75.08,135,Moderate,,,,,,,,,,
Ahmedabad,5/8/2020,26.79,66.34,127,Moderate,,,,,,,,,,
Ahmedabad,5/9/2020,23.79,74.56,122,Moderate,,,,,,,,,,
Ahmedabad,5/10/2020,26.17,62.14,125,Moderate,,,,,,,,,,
Ahmedabad,5/11/2020,21.31,66.1,125,Moderate,,,,,,,,,,
Ahmedabad,5/12/2020,21.94,69.06,135,Moderate,,,,,,,,,,
Ahmedabad,5/13/2020,23.19,67.28,117,Moderate,,,,,,,,,,
Ahmedabad,5/14/2020,21.9,64.39,127,Moderate,,,,,,,,,,
Ahmedabad,5/15/2020,19.15,78.8,125,Moderate,,,,,,,,,,
Ahmedabad,5/16/2020,35.75,107.68,136,Moderate,,,,,,,,,,
Ahmedabad,5/17/2020,27.28,63.5,137,Moderate,,,,,,,,,,
Ahmedabad,5/18/2020,20.85,61.13,133,Moderate,,,,,,,,,,
Ahmedabad,5/19/2020,23.98,56.9,133,Moderate,,,,,,,,,,
Ahmedabad,5/20/2020,25.6,82.26,132,Moderate,,,,,,,,,,
Ahmedabad,5/21/2020,33.35,84.99,130,Moderate,,,,,,,,,,
Ahmedabad,5/22/2020,31.38,90.28,142,Moderate,,,,,,,,,,
Ahmedabad,5/23/2020,29.26,82.26,135,Moderate,,,,,,,,,,
Ahmedabad,5/24/2020,25.47,67.79,140,Moderate,,,,,,,,,,
Ahmedabad,5/25/2020,24.84,70.95,126,Moderate,,,,,,,,,,
Ahmedabad,5/26/2020,29.78,99.14,126,Moderate,,,,,,,,,,
Ahmedabad,5/27/2020,31.25,89.65,123,Moderate,,,,,,,,,,
Ahmedabad,5/28/2020,30.7,86.02,117,Moderate,,,,,,,,,,
Ahmedabad,5/29/2020,23.91,81,126,Moderate,,,,,,,,,,
Ahmedabad,5/30/2020,25.71,66.36,112,Moderate,,,,,,,,,,
Ahmedabad,5/31/2020,22.83,67.92,104,Moderate,,,,,,,,,,
Ahmedabad,6/1/2020,31.02,312.28,126,Moderate,,,,,,,,,,
Ahmedabad,6/2/2020,131.88,173.4,152,Moderate,,,,,,,,,,
Ahmedabad,6/4/2020,26.08,84.25,101,Moderate,,,,,,,,,,
Ahmedabad,6/5/2020,30.72,88.9,92,Satisfactory,,,,,,,,,,
Ahmedabad,6/6/2020,33.19,65.77,95,Satisfactory,,,,,,,,,,
Ahmedabad,6/7/2020,20.67,69.5,93,Satisfactory,,,,,,,,,,
Ahmedabad,6/8/2020,22.92,70.97,97,Satisfactory,,,,,,,,,,
Ahmedabad,6/9/2020,21.17,81.73,84,Satisfactory,,,,,,,,,,
Ahmedabad,6/10/2020,23.62,94.06,101,Moderate,,,,,,,,,,
Ahmedabad,6/11/2020,20.4,66.21,92,Satisfactory,,,,,,,,,,
Ahmedabad,6/12/2020,21.4,93.89,105,Moderate,,,,,,,,,,
Ahmedabad,6/13/2020,21.72,62.28,98,Satisfactory,,,,,,,,,,
Ahmedabad,6/14/2020,24.1,87.14,96,Satisfactory,,,,,,,,,,
Ahmedabad,6/15/2020,21.21,92.72,96,Satisfactory,,,,,,,,,,
Ahmedabad,6/16/2020,31.49,94.09,80,Satisfactory,,,,,,,,,,
Ahmedabad,6/17/2020,14.79,11.5,95,Satisfactory,,,,,,,,,,
Ahmedabad,6/19/2020,17.65,135.16,108,Moderate,,,,,,,,,,
Ahmedabad,6/20/2020,22.9,120.7,124,Moderate,,,,,,,,,,
Ahmedabad,6/21/2020,24.28,138.12,106,Moderate,,,,,,,,,,
Ahmedabad,6/22/2020,19.02,98.37,75,Satisfactory,,,,,,,,,,
Ahmedabad,6/23/2020,22.2,88.99,85,Satisfactory,,,,,,,,,,
Ahmedabad,6/24/2020,30.29,,91,Satisfactory,,,,,,,,,,
Ahmedabad,6/25/2020,32.56,142.43,95,Satisfactory,,,,,,,,,,
Ahmedabad,6/26/2020,36.48,150.65,93,Satisfactory,,,,,,,,,,
Ahmedabad,6/27/2020,62.12,118.67,92,Satisfactory,,,,,,,,,,
Ahmedabad,6/28/2020,31.57,,82,Satisfactory,,,,,,,,,,
Ahmedabad,6/29/2020,29.75,127.98,74,Satisfactory,,,,,,,,,,
Ahmedabad,6/30/2020,40.02,121.1,98,Satisfactory,,,,,,,,,,
Ahmedabad,7/1/2020,37.63,,119,Moderate,,,,,,,,,,
Aizawl,7/3/2020,31.21,38.66,52,Satisfactory,,,,,,,,,,
Aizawl,7/4/2020,38.39,46.68,60,Satisfactory,,,,,,,,,,
Aizawl,7/5/2020,43.23,50.83,62,Satisfactory,,,,,,,,,,
Aizawl,7/6/2020,33.82,41.03,70,Satisfactory,,,,,,,,,,
Aizawl,7/7/2020,27.14,35.04,54,Satisfactory,,,,,,,,,,
Aizawl,7/8/2020,27.32,35.75,40,Good,,,,,,,,,,
Aizawl,7/9/2020,31.76,41.51,51,Satisfactory,,,,,,,,,,
Aizawl,7/10/2020,43.8,53.59,63,Satisfactory,,,,,,,,,,
Aizawl,7/11/2020,35.48,44.02,69,Satisfactory,,,,,,,,,,
Aizawl,7/12/2020,51.27,60.05,70,Satisfactory,,,,,,,,,,
Aizawl,7/13/2020,33.24,40.33,71,Satisfactory,,,,,,,,,,
Aizawl,7/14/2020,35.34,41.55,53,Satisfactory,,,,,,,,,,
Aizawl,7/15/2020,47.34,56.65,66,Satisfactory,,,,,,,,,,
Aizawl,7/16/2020,53.64,62.86,92,Satisfactory,,,,,,,,,,
Aizawl,7/17/2020,54.9,62.7,89,Satisfactory,,,,,,,,,,
Aizawl,7/18/2020,44.64,53.86,82,Satisfactory,,,,,,,,,,
Aizawl,7/19/2020,51.33,60.03,71,Satisfactory,,,,,,,,,,
Aizawl,7/20/2020,34.54,41.95,81,Satisfactory,,,,,,,,,,
Aizawl,7/21/2020,39.47,48.07,60,Satisfactory,,,,,,,,,,
Aizawl,7/22/2020,27.27,33.9,51,Satisfactory,,,,,,,,,,
Aizawl,7/23/2020,38.6,49.19,62,Satisfactory,,,,,,,,,,
Aizawl,7/24/2020,36.22,48.66,64,Satisfactory,,,,,,,,,,
Aizawl,7/25/2020,30.35,39.84,54,Satisfactory,,,,,,,,,,
Aizawl,7/26/2020,24.05,41.95,43,Good,,,,,,,,,,
Aizawl,7/27/2020,26.47,33.51,44,Good,,,,,,,,,,
Aizawl,7/28/2020,35.13,43.65,48,Good,,,,,,,,,,
Aizawl,7/29/2020,33.19,42.17,61,Satisfactory,,,,,,,,,,
Aizawl,7/30/2020,24.92,31.74,45,Good,,,,,,,,,,
Aizawl,7/31/2020,39.15,45.79,59,Satisfactory,,,,,,,,,,
Aizawl,8/1/2020,38.01,45.39,64,Satisfactory,,,,,,,,,,
Aizawl,8/2/2020,30.06,35.53,55,Satisfactory,,,,,,,,,,
Aizawl,8/3/2020,21.7,27.32,41,Good,,,,,,,,,,
Aizawl,8/4/2020,28.33,33.24,42,Good,,,,,,,,,,
Aizawl,8/5/2020,46.26,49.81,64,Satisfactory,,,,,,,,,,
Aizawl,8/6/2020,40.72,48.87,76,Satisfactory,,,,,,,,,,
Aizawl,8/7/2020,22.63,28.06,49,Good,,,,,,,,,,
Aizawl,8/8/2020,15.06,19.85,33,Good,,,,,,,,,,
Aizawl,8/9/2020,19.5,25.12,31,Good,,,,,,,,,,
Aizawl,8/10/2020,10.48,14.73,24,Good,,,,,,,,,,
Aizawl,8/11/2020,11.79,18.9,24,Good,,,,,,,,,,
Aizawl,8/12/2020,9.53,20.94,23,Good,,,,,,,,,,
Aizawl,8/13/2020,8.53,11.26,20,Good,,,,,,,,,,
Aizawl,8/14/2020,10.42,14.56,19,Good,,,,,,,,,,
Aizawl,8/15/2020,5.74,9.67,19,Good,,,,,,,,,,
Aizawl,8/16/2020,3.14,5.83,19,Good,,,,,,,,,,
Aizawl,8/17/2020,1.97,4.06,18,Good,,,,,,,,,,
Aizawl,8/18/2020,5.4,9.88,19,Good,,,,,,,,,,
Aizawl,8/19/2020,3.55,7.84,19,Good,,,,,,,,,,
Aizawl,8/20/2020,3.85,6.78,19,Good,,,,,,,,,,
Aizawl,8/21/2020,4.49,8.9,19,Good,,,,,,,,,,
Aizawl,8/22/2020,7.92,12.97,20,Good,,,,,,,,,,
Aizawl,8/23/2020,8.24,13.13,20,Good,,,,,,,,,,
Aizawl,8/24/2020,5.48,9.88,19,Good,,,,,,,,,,
Aizawl,8/25/2020,6.32,11.92,19,Good,,,,,,,,,,
Aizawl,8/26/2020,10.16,14.63,19,Good,,,,,,,,,,
Aizawl,8/27/2020,6.15,8.99,20,Good,,,,,,,,,,
Aizawl,8/28/2020,3.93,6.85,20,Good,,,,,,,,,,
Aizawl,8/29/2020,13.61,17.4,20,Good,,,,,,,,,,
Aizawl,8/30/2020,13.29,19.14,24,Good,,,,,,,,,,
Aizawl,8/31/2020,16.09,20.04,24,Good,,,,,,,,,,
Aizawl,9/1/2020,25.35,31.71,35,Good,,,,,,,,,,
Aizawl,9/2/2020,27.97,33.56,46,Good,,,,,,,,,,
Aizawl,9/3/2020,23.72,28.88,46,Good,,,,,,,,,,
Aizawl,9/4/2020,21.05,24.86,33,Good,,,,,,,,,,
Aizawl,9/5/2020,14.82,19.67,31,Good,,,,,,,,,,
Aizawl,9/6/2020,8.3,12.62,21,Good,,,,,,,,,,
Aizawl,9/7/2020,12.42,18,20,Good,,,,,,,,,,
Aizawl,9/8/2020,17.92,25.29,26,Good,,,,,,,,,,
Aizawl,9/9/2020,18.83,24.52,32,Good,,,,,,,,,,
Aizawl,9/10/2020,6.53,10.27,24,Good,,,,,,,,,,
Aizawl,9/11/2020,8.97,14.44,20,Good,,,,,,,,,,
Aizawl,9/12/2020,14.67,19.13,22,Good,,,,,,,,,,
Aizawl,9/13/2020,16.13,21.52,22,Good,,,,,,,,,,
Aizawl,9/14/2020,13.4,19.09,27,Good,,,,,,,,,,
Aizawl,9/15/2020,9.72,14.84,20,Good,,,,,,,,,,
Aizawl,9/16/2020,9.03,13.23,19,Good,,,,,,,,,,
Aizawl,9/17/2020,1.96,4.32,21,Good,,,,,,,,,,
Aizawl,9/18/2020,3.47,9.67,21,Good,,,,,,,,,,
Aizawl,9/19/2020,3.62,7.84,20,Good,,,,,,,,,,
Aizawl,9/20/2020,3.43,7.24,20,Good,,,,,,,,,,
Aizawl,9/21/2020,3.68,7.45,19,Good,,,,,,,,,,
Aizawl,9/22/2020,4.52,9.11,19,Good,,,,,,,,,,
Aizawl,9/23/2020,3.96,8.56,20,Good,,,,,,,,,,
Aizawl,9/24/2020,2.33,6.33,20,Good,,,,,,,,,,
Aizawl,9/25/2020,2.17,4.57,19,Good,,,,,,,,,,
Aizawl,9/26/2020,2.49,7.33,31,Good,,,,,,,,,,
Aizawl,9/27/2020,2.81,6.19,20,Good,,,,,,,,,,
Aizawl,9/28/2020,5.2,,19,Good,,,,,,,,,,
Aizawl,9/29/2020,14.44,22.3,25,Good,,,,,,,,,,
Aizawl,9/30/2020,10.08,13.04,23,Good,,,,,,,,,,
Aizawl,10/1/2020,1.54,2.79,19,Good,,,,,,,,,,
Aizawl,10/3/2020,0.99,8.1,19,Good,,,,,,,,,,
Aizawl,10/4/2020,1.4,5.8,19,Good,,,,,,,,,,
Aizawl,10/5/2020,0.98,4.59,19,Good,,,,,,,,,,
Aizawl,10/6/2020,1.19,4.99,19,Good,,,,,,,,,,
Aizawl,10/7/2020,1.14,6.19,19,Good,,,,,,,,,,
Aizawl,10/8/2020,,1.99,20,Good,,,,,,,,,,
Aizawl,10/9/2020,1.25,9.1,20,Good,,,,,,,,,,
Aizawl,10/10/2020,5.92,19.02,20,Good,,,,,,,,,,
Aizawl,10/11/2020,2.46,12.72,19,Good,,,,,,,,,,
Aizawl,10/12/2020,2.63,9.03,19,Good,,,,,,,,,,
Aizawl,10/13/2020,2.88,13.68,20,Good,,,,,,,,,,
Aizawl,10/14/2020,2.76,13.65,20,Good,,,,,,,,,,
Aizawl,10/15/2020,8.62,32.1,25,Good,,,,,,,,,,
Aizawl,10/16/2020,7.98,28.92,33,Good,,,,,,,,,,
Aizawl,10/17/2020,1.39,7.21,21,Good,,,,,,,,,,
Aizawl,10/18/2020,0.16,3.16,19,Good,,,,,,,,,,
Aizawl,10/19/2020,0.24,1.15,19,Good,,,,,,,,,,
Aizawl,10/20/2020,0.28,10.02,20,Good,,,,,,,,,,
Aizawl,10/21/2020,1.89,9.27,20,Good,,,,,,,,,,
Aizawl,10/22/2020,4.49,5.39,20,Good,,,,,,,,,,
Amaravati,10/24/2020,81.4,124.5,184,Moderate,,,,,,,,,,
Amaravati,10/25/2020,78.32,129.06,197,Moderate,,,,,,,,,,
Amaravati,10/26/2020,88.76,135.32,198,Moderate,,,,,,,,,,
Amaravati,10/27/2020,64.18,104.09,188,Moderate,,,,,,,,,,
Amaravati,10/28/2020,72.47,114.84,173,Moderate,,,,,,,,,,
Amaravati,10/29/2020,69.8,114.86,165,Moderate,,,,,,,,,,
Amaravati,10/30/2020,73.96,113.56,191,Moderate,,,,,,,,,,
Amaravati,10/31/2020,89.9,140.2,191,Moderate,,,,,,,,,,
Amaravati,11/1/2020,87.14,130.52,227,Poor,,,,,,,,,,
Amaravati,11/2/2020,84.64,125,168,Moderate,,,,,,,,,,
Amaravati,11/3/2020,88.36,121.77,198,Moderate,,,,,,,,,,
Amaravati,11/4/2020,96.83,139.36,201,Poor,,,,,,,,,,
Amaravati,11/5/2020,117.46,181.64,252,Poor,,,,,,,,,,
Amaravati,11/6/2020,122.88,208.86,310,Very Poor,,,,,,,,,,
Amaravati,11/7/2020,74.28,141.22,196,Moderate,,,,,,,,,,
Amaravati,11/8/2020,50.32,102.77,132,Moderate,,,,,,,,,,
Amaravati,11/9/2020,58.47,115.27,147,Moderate,,,,,,,,,,
Amaravati,11/10/2020,89.35,131.48,179,Moderate,,,,,,,,,,
Amaravati,11/11/2020,64.42,99.74,145,Moderate,,,,,,,,,,
Amaravati,11/12/2020,69.4,98.94,115,Moderate,,,,,,,,,,
Amaravati,11/13/2020,71.07,109.65,140,Moderate,,,,,,,,,,
Amaravati,11/14/2020,79.76,129.81,156,Moderate,,,,,,,,,,
Amaravati,11/15/2020,108.06,167.62,225,Poor,,,,,,,,,,
Amaravati,11/16/2020,100.75,172.04,251,Poor,,,,,,,,,,
Amaravati,11/17/2020,106.25,171.56,228,Poor,,,,,,,,,,
Amaravati,11/18/2020,83.79,141.83,223,Poor,,,,,,,,,,
Amaravati,11/19/2020,79.98,147.74,170,Moderate,,,,,,,,,,
Amaravati,11/20/2020,76.27,152.59,165,Moderate,,,,,,,,,,
Amaravati,11/21/2020,86.5,147.95,159,Moderate,,,,,,,,,,
Amaravati,11/22/2020,100.62,167.75,232,Poor,,,,,,,,,,
Amaravati,11/23/2020,110.73,171.47,242,Poor,,,,,,,,,,
Amaravati,11/24/2020,107.7,170.21,274,Poor,,,,,,,,,,
Amaravati,11/25/2020,104.81,192.2,259,Poor,,,,,,,,,,
Amaravati,11/26/2020,89.95,175.16,225,Poor,,,,,,,,,,
Amaravati,11/27/2020,74.58,138.6,177,Moderate,,,,,,,,,,
Amaravati,11/28/2020,56.68,109.33,120,Moderate,,,,,,,,,,
Amaravati,11/29/2020,61.03,131.62,120,Moderate,,,,,,,,,,
Amaravati,11/30/2020,59.03,108.83,120,Moderate,,,,,,,,,,
Amaravati,12/1/2020,61.88,109.82,132,Moderate,,,,,,,,,,
Amaravati,12/2/2020,71.57,137.48,136,Moderate,,,,,,,,,,
Amaravati,12/3/2020,92.44,174.75,182,Moderate,,,,,,,,,,
Amaravati,12/4/2020,92.9,162.69,222,Poor,,,,,,,,,,
Amaravati,12/5/2020,85.15,151.97,230,Poor,,,,,,,,,,
Amaravati,12/6/2020,81.47,145.68,224,Poor,,,,,,,,,,
Amaravati,12/7/2020,81.58,132.66,217,Poor,,,,,,,,,,
Amaravati,12/8/2020,79.56,146.64,230,Poor,,,,,,,,,,
Amaravati,12/9/2020,87.43,155.95,229,Poor,,,,,,,,,,
Amaravati,12/10/2020,87.33,153.97,229,Poor,,,,,,,,,,
Amaravati,12/11/2020,110.39,182.54,235,Poor,,,,,,,,,,
Amaravati,12/12/2020,77.51,125.01,214,Poor,,,,,,,,,,
Amaravati,12/13/2020,86.96,129.99,186,Moderate,,,,,,,,,,
Amaravati,12/14/2020,76.29,115.53,172,Moderate,,,,,,,,,,
Amaravati,12/15/2020,67.06,100.34,138,Moderate,,,,,,,,,,
Amaravati,12/16/2020,68.34,104.45,125,Moderate,,,,,,,,,,
Amaravati,12/17/2020,66.28,117.3,132,Moderate,,,,,,,,,,
Amaravati,12/18/2020,64.98,116.14,111,Moderate,,,,,,,,,,
Amaravati,12/19/2020,75.46,132.84,137,Moderate,,,,,,,,,,
Amaravati,12/20/2020,81.58,141.85,172,Moderate,,,,,,,,,,
Amaravati,12/21/2020,78.27,142.86,160,Moderate,,,,,,,,,,
Amaravati,12/22/2020,79.01,138.14,163,Moderate,,,,,,,,,,
Amaravati,12/23/2020,77.98,137.31,165,Moderate,,,,,,,,,,
Amaravati,12/24/2020,77.96,155.73,139,Moderate,,,,,,,,,,
Amaravati,12/25/2020,79.04,143.38,176,Moderate,,,,,,,,,,
Amaravati,12/26/2020,77.78,131.14,162,Moderate,,,,,,,,,,
Amaravati,12/27/2020,76.48,131.86,160,Moderate,,,,,,,,,,
Amaravati,12/28/2020,74.2,135.97,142,Moderate,,,,,,,,,,
Amaravati,12/29/2020,78.23,140.66,172,Moderate,,,,,,,,,,
Amaravati,12/30/2020,68.53,147.48,134,Moderate,,,,,,,,,,
Amaravati,12/31/2020,62.08,152.59,136,Moderate,,,,,,,,,,
Amaravati,1/1/2021,50.64,130.36,130,Moderate,,,,,,,,,,
Amaravati,1/2/2021,44.21,119.52,111,Moderate,,,,,,,,,,
Amaravati,1/3/2021,50.71,115.65,117,Moderate,,,,,,,,,,
Amaravati,1/4/2021,42.27,100.54,102,Moderate,,,,,,,,,,
Amaravati,1/5/2021,39.41,101.1,108,Moderate,,,,,,,,,,
Amaravati,1/6/2021,50.56,116.89,99,Satisfactory,,,,,,,,,,
Amaravati,1/7/2021,50.54,120.05,121,Moderate,,,,,,,,,,
Amaravati,1/8/2021,26.22,62.82,86,Satisfactory,,,,,,,,,,
Amaravati,1/9/2021,31.83,66.74,57,Satisfactory,,,,,,,,,,
Amaravati,1/10/2021,70.26,112.29,107,Moderate,,,,,,,,,,
Amaravati,1/11/2021,59.47,99.73,118,Moderate,,,,,,,,,,
Amaravati,1/12/2021,58.71,99.04,110,Moderate,,,,,,,,,,
Amaravati,1/13/2021,56.29,107.96,114,Moderate,,,,,,,,,,
Amaravati,1/14/2021,50.41,118.62,111,Moderate,,,,,,,,,,
Amaravati,1/15/2021,57.53,128.81,117,Moderate,,,,,,,,,,
Amaravati,1/16/2021,43.82,97.19,107,Moderate,,,,,,,,,,
Amaravati,1/17/2021,42.71,80.24,87,Satisfactory,,,,,,,,,,
Amaravati,1/18/2021,54.73,94.12,89,Satisfactory,,,,,,,,,,
Amaravati,1/19/2021,50.91,99.84,97,Satisfactory,,,,,,,,,,
Amaravati,1/20/2021,38.5,106.7,100,Satisfactory,,,,,,,,,,
Amaravati,1/21/2021,32.21,107.43,105,Moderate,,,,,,,,,,
Amaravati,1/22/2021,35.36,107.25,114,Moderate,,,,,,,,,,
Amaravati,1/23/2021,59.65,127.26,116,Moderate,,,,,,,,,,
Amaravati,1/24/2021,46.16,115.95,116,Moderate,,,,,,,,,,
Amaravati,1/25/2021,34.31,107.74,98,Satisfactory,,,,,,,,,,
Amaravati,1/26/2021,39.52,113.31,116,Moderate,,,,,,,,,,
Amaravati,1/27/2021,43.08,116.06,108,Moderate,,,,,,,,,,
Amaravati,1/28/2021,38.1,97,100,Satisfactory,,,,,,,,,,
Amaravati,1/29/2021,33.08,83.16,92,Satisfactory,,,,,,,,,,
Amaravati,1/30/2021,29.7,77.45,80,Satisfactory,,,,,,,,,,
Amaravati,1/31/2021,38.67,82.67,88,Satisfactory,,,,,,,,,,
Amaravati,2/1/2021,30.04,83.07,83,Satisfactory,,,,,,,,,,
Amaravati,2/2/2021,39.72,103.81,100,Satisfactory,,,,,,,,,,
Amaravati,2/3/2021,38.21,78.95,81,Satisfactory,,,,,,,,,,
Amaravati,2/4/2021,58.31,124.64,112,Moderate,,,,,,,,,,
Amaravati,2/5/2021,62.49,113.56,113,Moderate,,,,,,,,,,
Amaravati,2/6/2021,49.04,102.46,105,Moderate,,,,,,,,,,
Amaravati,2/7/2021,41.67,80.09,88,Satisfactory,,,,,,,,,,
Amaravati,2/8/2021,32.44,75.3,78,Satisfactory,,,,,,,,,,
Amaravati,2/9/2021,26.43,80.85,78,Satisfactory,,,,,,,,,,
Amaravati,2/10/2021,25.08,60.67,69,Satisfactory,,,,,,,,,,
Amaravati,2/11/2021,26.09,63.05,60,Satisfactory,,,,,,,,,,
Amaravati,2/12/2021,16.62,39.94,51,Satisfactory,,,,,,,,,,
Amaravati,2/13/2021,49.58,82.95,61,Satisfactory,,,,,,,,,,
Amaravati,2/14/2021,43.52,80.01,90,Satisfactory,,,,,,,,,,
Amaravati,2/15/2021,39.83,76.09,74,Satisfactory,,,,,,,,,,
Amaravati,2/16/2021,36.89,76.61,76,Satisfactory,,,,,,,,,,
Amaravati,2/18/2021,52.69,94.25,92,Satisfactory,,,,,,,,,,
Amaravati,2/19/2021,46.48,95.41,93,Satisfactory,,,,,,,,,,
Amaravati,2/20/2021,44.22,77.62,88,Satisfactory,,,,,,,,,,
Amaravati,2/21/2021,35.91,71.26,75,Satisfactory,,,,,,,,,,
Amaravati,2/22/2021,39.05,81.51,79,Satisfactory,,,,,,,,,,
Amaravati,2/23/2021,30.21,67.22,74,Satisfactory,,,,,,,,,,
Amaravati,2/24/2021,31.14,60.35,62,Satisfactory,,,,,,,,,,
Amaravati,2/25/2021,26.82,52.51,53,Satisfactory,,,,,,,,,,
Amaravati,2/26/2021,26.34,52.07,53,Satisfactory,,,,,,,,,,
Amaravati,2/27/2021,28.48,55.8,55,Satisfactory,,,,,,,,,,
Amaravati,2/28/2021,21.83,52.92,52,Satisfactory,,,,,,,,,,
Amaravati,3/1/2021,24.23,52.06,55,Satisfactory,,,,,,,,,,
Amaravati,3/2/2021,22.29,55.96,56,Satisfactory,,,,,,,,,,
Amaravati,3/3/2021,25.28,54.59,56,Satisfactory,,,,,,,,,,
Amaravati,3/4/2021,19.68,45.57,52,Satisfactory,,,,,,,,,,
Amaravati,3/6/2021,24.4,70.25,76,Satisfactory,,,,,,,,,,
Amaravati,3/7/2021,20.05,79.5,76,Satisfactory,,,,,,,,,,
Amaravati,3/8/2021,23.72,55.74,81,Satisfactory,,,,,,,,,,
Amaravati,3/9/2021,26.12,56.77,59,Satisfactory,,,,,,,,,,
Amaravati,3/12/2021,7.16,26.39,46,Good,,,,,,,,,,
Amaravati,3/13/2021,7.97,33.2,40,Good,,,,,,,,,,
Amaravati,3/14/2021,6.48,23.83,33,Good,,,,,,,,,,
Amaravati,3/15/2021,7.2,34.11,49,Good,,,,,,,,,,
Amaravati,3/16/2021,8.27,27.27,32,Good,,,,,,,,,,
Amaravati,3/18/2021,9.21,27.62,42,Good,,,,,,,,,,
Amaravati,3/20/2021,19.78,49.86,53,Satisfactory,,,,,,,,,,
Amaravati,3/21/2021,8.85,30.54,47,Good,,,,,,,,,,
Amaravati,3/24/2021,18.48,62.52,79,Satisfactory,,,,,,,,,,
Amaravati,3/26/2021,11.04,38.34,47,Good,,,,,,,,,,
Amaravati,3/27/2021,9.74,33.83,51,Satisfactory,,,,,,,,,,
Amaravati,3/28/2021,10.35,30.98,52,Satisfactory,,,,,,,,,,
Amaravati,3/30/2021,22.81,53.85,88,Satisfactory,,,,,,,,,,
Amaravati,3/31/2021,28.54,56.36,78,Satisfactory,,,,,,,,,,
Amaravati,4/1/2021,18.46,39.45,90,Satisfactory,,,,,,,,,,
Amaravati,4/2/2021,23.9,37.71,43,Good,,,,,,,,,,
Amaravati,4/7/2021,14.42,36.29,55,Satisfactory,,,,,,,,,,
Amaravati,4/9/2021,12.42,36.29,52,Satisfactory,,,,,,,,,,
Amaravati,4/11/2021,16.78,42.22,84,Satisfactory,,,,,,,,,,
Amaravati,4/12/2021,19.77,62.11,95,Satisfactory,,,,,,,,,,
Amaravati,4/13/2021,22.63,54.13,58,Satisfactory,,,,,,,,,,
Amaravati,4/15/2021,15.2,45.09,125,Moderate,,,,,,,,,,
Amaravati,4/16/2021,9.58,28.33,192,Moderate,,,,,,,,,,
Amaravati,4/18/2021,16.44,54.42,81,Satisfactory,,,,,,,,,,
Amaravati,4/20/2021,13.23,41.25,65,Satisfactory,,,,,,,,,,
Amaravati,4/22/2021,25.62,56.44,86,Satisfactory,,,,,,,,,,
Amaravati,4/23/2021,40.32,66.25,62,Satisfactory,,,,,,,,,,
Amaravati,4/24/2021,13.07,37.35,78,Satisfactory,,,,,,,,,,
Amaravati,4/25/2021,16.56,41.96,114,Moderate,,,,,,,,,,
Amaravati,4/26/2021,19.57,44.72,103,Moderate,,,,,,,,,,
Amaravati,4/27/2021,30.96,72.18,134,Moderate,,,,,,,,,,
Amaravati,4/28/2021,32.1,83.29,168,Moderate,,,,,,,,,,
Amaravati,4/29/2021,31.82,74.79,150,Moderate,,,,,,,,,,
Amaravati,4/30/2021,37.5,84.96,127,Moderate,,,,,,,,,,
Amaravati,5/1/2021,23.25,61.1,106,Moderate,,,,,,,,,,
Amaravati,5/2/2021,27.42,57.28,129,Moderate,,,,,,,,,,
Amaravati,5/3/2021,31.26,72.82,136,Moderate,,,,,,,,,,
Amaravati,5/4/2021,28.12,70.21,155,Moderate,,,,,,,,,,
Amaravati,5/5/2021,32.33,55.74,87,Satisfactory,,,,,,,,,,
Amaravati,5/6/2021,19.29,31.22,84,Satisfactory,,,,,,,,,,
Amaravati,5/7/2021,17.99,29.24,85,Satisfactory,,,,,,,,,,
Amaravati,5/8/2021,12.72,24.79,91,Satisfactory,,,,,,,,,,
Amaravati,5/9/2021,13.65,35.39,76,Satisfactory,,,,,,,,,,
Amaravati,5/10/2021,17.64,47.81,60,Satisfactory,,,,,,,,,,
Amaravati,5/11/2021,23.43,57.11,69,Satisfactory,,,,,,,,,,
Amaravati,5/12/2021,25.92,68.27,64,Satisfactory,,,,,,,,,,
Amaravati,5/13/2021,32.7,103.88,98,Satisfactory,,,,,,,,,,
Amaravati,5/14/2021,31.58,107.31,128,Moderate,,,,,,,,,,
Amaravati,5/15/2021,22.9,69.96,113,Moderate,,,,,,,,,,
Amaravati,5/16/2021,24.23,78.11,87,Satisfactory,,,,,,,,,,
Amaravati,5/17/2021,17.92,68.72,79,Satisfactory,,,,,,,,,,
Amaravati,5/18/2021,17.38,55.59,69,Satisfactory,,,,,,,,,,
Amaravati,5/19/2021,19.06,59.46,78,Satisfactory,,,,,,,,,,
Amaravati,5/20/2021,18.81,55.66,88,Satisfactory,,,,,,,,,,
Amaravati,5/21/2021,18.69,50.06,101,Moderate,,,,,,,,,,
Amaravati,5/22/2021,17.85,43.47,80,Satisfactory,,,,,,,,,,
Amaravati,5/23/2021,18.09,45.11,89,Satisfactory,,,,,,,,,,
Amaravati,5/24/2021,18.93,60.89,71,Satisfactory,,,,,,,,,,
Amaravati,5/25/2021,16.86,48.26,68,Satisfactory,,,,,,,,,,
Amaravati,5/26/2021,16.85,54.97,56,Satisfactory,,,,,,,,,,
Amaravati,5/27/2021,16.46,33.5,65,Satisfactory,,,,,,,,,,
Amaravati,5/28/2021,18.4,49.43,66,Satisfactory,,,,,,,,,,
Amaravati,5/29/2021,20.31,49.14,96,Satisfactory,,,,,,,,,,
Amaravati,5/30/2021,23.99,46.59,68,Satisfactory,,,,,,,,,,
Amaravati,5/31/2021,20.36,41.99,76,Satisfactory,,,,,,,,,,
Amaravati,6/1/2021,15.08,38.79,70,Satisfactory,,,,,,,,,,
Amaravati,6/2/2021,19.42,69.33,75,Satisfactory,,,,,,,,,,
Amaravati,6/3/2021,13.93,48.97,73,Satisfactory,,,,,,,,,,
Amaravati,6/4/2021,18.29,41.01,85,Satisfactory,,,,,,,,,,
Amaravati,6/5/2021,17.25,32.02,83,Satisfactory,,,,,,,,,,
Amaravati,6/6/2021,13.43,26.94,73,Satisfactory,,,,,,,,,,
Amaravati,6/7/2021,16.83,38.25,75,Satisfactory,,,,,,,,,,
Amaravati,6/8/2021,18.16,38.17,63,Satisfactory,,,,,,,,,,
Amaravati,6/9/2021,16.89,30.98,62,Satisfactory,,,,,,,,,,
Amaravati,6/10/2021,15.95,25.24,79,Satisfactory,,,,,,,,,,
Amaravati,6/11/2021,14.05,30.86,37,Good,,,,,,,,,,
Amaravati,6/12/2021,9.85,29.97,35,Good,,,,,,,,,,
Amaravati,6/13/2021,8.68,26.62,31,Good,,,,,,,,,,
Amaravati,6/14/2021,7.5,24.01,29,Good,,,,,,,,,,
Amaravati,6/15/2021,7.75,28.62,32,Good,,,,,,,,,,
Amaravati,6/16/2021,10.45,41.47,39,Good,,,,,,,,,,
Amaravati,6/17/2021,12.7,49.26,48,Good,,,,,,,,,,
Amaravati,6/18/2021,14.48,35.5,42,Good,,,,,,,,,,
Amaravati,6/19/2021,17.96,47.61,73,Satisfactory,,,,,,,,,,
Amaravati,6/20/2021,16.87,50.6,59,Satisfactory,,,,,,,,,,
Amaravati,6/22/2021,17.42,56.44,55,Satisfactory,,,,,,,,,,
Amaravati,6/23/2021,17.79,68.97,86,Satisfactory,,,,,,,,,,
Amaravati,6/24/2021,18.75,82.27,100,Satisfactory,,,,,,,,,,
Amaravati,6/25/2021,11.92,46.76,85,Satisfactory,,,,,,,,,,
Amaravati,6/26/2021,17.74,80.26,57,Satisfactory,,,,,,,,,,
Amaravati,6/27/2021,21.78,76.32,85,Satisfactory,,,,,,,,,,
Amaravati,6/28/2021,28.31,98.01,85,Satisfactory,,,,,,,,,,
Amaravati,6/29/2021,27.1,112.48,106,Moderate,,,,,,,,,,
Amaravati,6/30/2021,20.21,91.71,100,Satisfactory,,,,,,,,,,
Amaravati,7/1/2021,18.52,51.48,68,Satisfactory,,,,,,,,,,
Amaravati,7/2/2021,25.59,70.1,61,Satisfactory,,,,,,,,,,
Amaravati,7/3/2021,21.79,75.21,71,Satisfactory,,,,,,,,,,
Amaravati,7/4/2021,24,80,77,Satisfactory,,,,,,,,,,
Amaravati,7/6/2021,18.47,52.91,111,Moderate,,,,,,,,,,
Amaravati,7/7/2021,16.73,40.15,47,Good,,,,,,,,,,
Amaravati,7/8/2021,18.72,57.71,47,Good,,,,,,,,,,
Amaravati,7/9/2021,11.39,28.72,48,Good,,,,,,,,,,
Amaravati,7/10/2021,10.62,19.96,49,Good,,,,,,,,,,
Amaravati,7/11/2021,8.1,15.83,50,Good,,,,,,,,,,
Amaravati,7/12/2021,9.28,16.42,57,Satisfactory,,,,,,,,,,
Amaravati,7/13/2021,7.45,20.5,60,Satisfactory,,,,,,,,,,
Amaravati,7/14/2021,15.32,45.04,52,Satisfactory,,,,,,,,,,
Amaravati,7/15/2021,8.84,23.71,54,Satisfactory,,,,,,,,,,
Amaravati,7/16/2021,11.39,24.61,63,Satisfactory,,,,,,,,,,
Amaravati,7/17/2021,12.51,32.52,53,Satisfactory,,,,,,,,,,
Amaravati,7/18/2021,8.71,14.17,56,Satisfactory,,,,,,,,,,
Amaravati,7/20/2021,11.3,27.28,112,Moderate,,,,,,,,,,
Amaravati,7/21/2021,7,7.8,75,Satisfactory,,,,,,,,,,
Amaravati,7/23/2021,15.76,40.74,89,Satisfactory,,,,,,,,,,
Amaravati,7/24/2021,18.79,60.26,76,Satisfactory,,,,,,,,,,
Amaravati,7/25/2021,15.05,43.47,78,Satisfactory,,,,,,,,,,
Amaravati,7/26/2021,10.1,23.92,66,Satisfactory,,,,,,,,,,
Amaravati,7/27/2021,14.43,43.47,61,Satisfactory,,,,,,,,,,
Amaravati,7/28/2021,22.65,57.46,83,Satisfactory,,,,,,,,,,
Amaravati,7/29/2021,28.45,81.89,87,Satisfactory,,,,,,,,,,
Amaravati,7/30/2021,24.94,69.22,97,Satisfactory,,,,,,,,,,
Amaravati,7/31/2021,26.24,62.75,98,Satisfactory,,,,,,,,,,
Amaravati,8/1/2021,30.6,76.16,99,Satisfactory,,,,,,,,,,
Amaravati,8/2/2021,21.81,78.68,94,Satisfactory,,,,,,,,,,
Amaravati,8/3/2021,24.22,86.08,98,Satisfactory,,,,,,,,,,
Amaravati,8/4/2021,19.82,71.36,102,Moderate,,,,,,,,,,
Amaravati,8/5/2021,25.11,81.43,96,Satisfactory,,,,,,,,,,
Amaravati,8/6/2021,31.3,101.05,90,Satisfactory,,,,,,,,,,
Amaravati,8/7/2021,27.1,89.38,106,Moderate,,,,,,,,,,
Amaravati,8/8/2021,,,82,Satisfactory,,,,,,,,,,
Amaravati,8/10/2021,33.28,75.5,88,Satisfactory,,,,,,,,,,
Amaravati,8/11/2021,40.66,82.62,103,Moderate,,,,,,,,,,
Amaravati,8/12/2021,40.56,66.97,76,Satisfactory,,,,,,,,,,
Amaravati,8/13/2021,37.93,67.4,68,Satisfactory,,,,,,,,,,
Amaravati,8/14/2021,31.64,69.39,75,Satisfactory,,,,,,,,,,
Amaravati,8/17/2021,22.12,34.83,89,Satisfactory,,,,,,,,,,
Amaravati,8/18/2021,29.25,52.84,79,Satisfactory,,,,,,,,,,
Amaravati,8/19/2021,38.32,80.97,65,Satisfactory,,,,,,,,,,
Amaravati,8/20/2021,35.02,71.42,80,Satisfactory,,,,,,,,,,
Amaravati,8/21/2021,24.29,50.33,81,Satisfactory,,,,,,,,,,
Amaravati,8/22/2021,19.69,50.18,52,Satisfactory,,,,,,,,,,
Amaravati,8/23/2021,18.81,50.51,89,Satisfactory,,,,,,,,,,
Amaravati,8/24/2021,26.13,60.44,59,Satisfactory,,,,,,,,,,
Amaravati,8/25/2021,24.08,45.81,62,Satisfactory,,,,,,,,,,
Amaravati,8/26/2021,21.81,37.31,52,Satisfactory,,,,,,,,,,
Amaravati,8/28/2021,14.58,41.04,61,Satisfactory,,,,,,,,,,
Amaravati,8/29/2021,,42.61,57,Satisfactory,,,,,,,,,,
Amaravati,8/30/2021,8.98,37.07,49,Good,,,,,,,,,,
Amaravati,8/31/2021,9.7,30.1,48,Good,,,,,,,,,,
Amaravati,9/3/2021,25.88,56.44,56,Satisfactory,,,,,,,,,,
Amaravati,9/4/2021,49.7,109.35,80,Satisfactory,,,,,,,,,,
Amaravati,9/5/2021,68.66,163.06,121,Moderate,,,,,,,,,,
Amaravati,9/7/2021,65.16,184.84,142,Moderate,,,,,,,,,,
Amaravati,9/8/2021,52.88,172.08,154,Moderate,,,,,,,,,,
Amaravati,9/10/2021,40.99,122.69,130,Moderate,,,,,,,,,,
Amaravati,9/11/2021,47.2,116.44,109,Moderate,,,,,,,,,,
Amaravati,9/12/2021,39.22,102.6,113,Moderate,,,,,,,,,,
Amaravati,9/13/2021,36.86,76.61,91,Satisfactory,,,,,,,,,,
Amaravati,9/14/2021,34.41,72.03,77,Satisfactory,,,,,,,,,,
Amaravati,9/15/2021,22.05,48.93,80,Satisfactory,,,,,,,,,,
Amaravati,9/21/2021,71.31,155.98,149,Moderate,,,,,,,,,,
Amaravati,9/22/2021,63.54,130.58,133,Moderate,,,,,,,,,,
Amaravati,9/24/2021,56.53,128.8,122,Moderate,,,,,,,,,,
Amaravati,9/25/2021,69.42,167.05,133,Moderate,,,,,,,,,,
Amaravati,9/26/2021,53.53,119.1,133,Moderate,,,,,,,,,,
Amaravati,9/27/2021,48.33,115.41,118,Moderate,,,,,,,,,,
Amaravati,9/28/2021,58.65,125.68,118,Moderate,,,,,,,,,,
Amaravati,9/29/2021,33.33,65.58,98,Satisfactory,,,,,,,,,,
Amaravati,10/2/2021,12.7,38.49,75,Satisfactory,,,,,,,,,,
Amaravati,10/3/2021,16.86,36.56,45,Good,,,,,,,,,,
Amaravati,10/4/2021,21.58,68.71,61,Satisfactory,,,,,,,,,,
Amaravati,10/5/2021,23.22,64.84,86,Satisfactory,,,,,,,,,,
Amaravati,10/6/2021,28.39,71.27,70,Satisfactory,,,,,,,,,,
Amaravati,10/8/2021,51.51,111.28,105,Moderate,,,,,,,,,,
Amaravati,10/9/2021,56.85,115.5,106,Moderate,,,,,,,,,,
Amaravati,10/10/2021,68.25,129.41,120,Moderate,,,,,,,,,,
Amaravati,10/11/2021,84.48,164.24,156,Moderate,,,,,,,,,,
Amaravati,10/12/2021,77.38,173.47,182,Moderate,,,,,,,,,,
Amaravati,10/13/2021,71.23,160.66,144,Moderate,,,,,,,,,,
Amaravati,10/16/2021,16.21,48,64,Satisfactory,,,,,,,,,,
Amaravati,10/17/2021,19.48,46.57,56,Satisfactory,,,,,,,,,,
Amaravati,10/18/2021,26.8,66.67,80,Satisfactory,,,,,,,,,,
Amaravati,10/19/2021,48.35,100.01,88,Satisfactory,,,,,,,,,,
Amaravati,10/20/2021,50.02,100.82,102,Moderate,,,,,,,,,,
Amaravati,10/25/2021,85.11,183.15,189,Moderate,,,,,,,,,,
Amaravati,10/26/2021,93.95,190.73,190,Moderate,,,,,,,,,,
Amaravati,10/27/2021,80.96,152.44,215,Poor,,,,,,,,,,
Amaravati,10/30/2021,77.86,159.49,145,Moderate,,,,,,,,,,
Amaravati,10/31/2021,70.89,125.4,160,Moderate,,,,,,,,,,
Amaravati,11/1/2021,74.34,129.57,130,Moderate,,,,,,,,,,
Amaravati,11/2/2021,97.09,143.69,176,Moderate,,,,,,,,,,
Amaravati,11/3/2021,89.63,137.58,245,Poor,,,,,,,,,,
Amaravati,11/5/2021,100.1,155.25,209,Poor,,,,,,,,,,
Amaravati,11/6/2021,110.12,172.67,256,Poor,,,,,,,,,,
Amaravati,11/7/2021,111.21,170.04,266,Poor,,,,,,,,,,
Amaravati,11/8/2021,107.24,162.72,276,Poor,,,,,,,,,,
Amaravati,11/9/2021,89.07,160.83,218,Poor,,,,,,,,,,
Amaravati,11/10/2021,93.1,163.9,206,Poor,,,,,,,,,,
Amaravati,11/12/2021,90.61,164.19,180,Moderate,,,,,,,,,,
Amaravati,11/13/2021,96.57,174.31,217,Poor,,,,,,,,,,
Amaravati,11/14/2021,78.15,137.52,211,Poor,,,,,,,,,,
Amaravati,11/15/2021,19.26,22.54,90,Satisfactory,,,,,,,,,,
Amaravati,11/16/2021,10.89,19.98,49,Good,,,,,,,,,,
Amaravati,11/17/2021,16.38,33.04,46,Good,,,,,,,,,,
Amaravati,11/19/2021,48.88,84.99,81,Satisfactory,,,,,,,,,,
Amaravati,11/20/2021,55.24,81.9,89,Satisfactory,,,,,,,,,,
Amaravati,11/21/2021,83.4,121.25,136,Moderate,,,,,,,,,,
Amaravati,11/22/2021,93.78,142.65,199,Moderate,,,,,,,,,,
Amaravati,11/23/2021,92.72,135.61,221,Poor,,,,,,,,,,
Amaravati,11/24/2021,76.48,114.53,178,Moderate,,,,,,,,,,
Amaravati,11/26/2021,73.19,127.1,119,Moderate,,,,,,,,,,
Amaravati,11/27/2021,82.53,145.06,153,Moderate,,,,,,,,,,
Amaravati,11/28/2021,95.18,154.73,202,Poor,,,,,,,,,,
Amaravati,11/29/2021,79.29,136.71,191,Moderate,,,,,,,,,,
Amaravati,11/30/2021,83.17,140.9,183,Moderate,,,,,,,,,,
Amaravati,12/1/2021,109.97,189.28,210,Poor,,,,,,,,,,
Amaravati,12/2/2021,139.38,230.27,304,Very Poor,,,,,,,,,,
Amaravati,12/3/2021,126.47,187.83,312,Very Poor,,,,,,,,,,
Amaravati,12/4/2021,127.94,196.3,304,Very Poor,,,,,,,,,,
Amaravati,12/5/2021,126.66,184.73,306,Very Poor,,,,,,,,,,
Amaravati,12/6/2021,121.47,215.5,302,Very Poor,,,,,,,,,,
Amaravati,12/7/2021,118.17,219.63,298,Poor,,,,,,,,,,
Amaravati,12/8/2021,97.45,225.75,274,Poor,,,,,,,,,,
Amaravati,12/9/2021,115.23,198.47,270,Poor,,,,,,,,,,
Amaravati,12/10/2021,121.81,193.4,302,Very Poor,,,,,,,,,,
Amaravati,12/11/2021,99.69,157.03,257,Poor,,,,,,,,,,
Amaravati,12/12/2021,92.66,146.49,212,Poor,,,,,,,,,,
Amaravati,12/13/2021,116.99,172.92,256,Poor,,,,,,,,,,
Amaravati,12/14/2021,120.33,182.65,301,Very Poor,,,,,,,,,,
Amaravati,12/15/2021,108.43,159.44,274,Poor,,,,,,,,,,
Amaravati,12/16/2021,118,174.01,262,Poor,,,,,,,,,,
Amaravati,12/17/2021,107.94,163.17,287,Poor,,,,,,,,,,
Amaravati,12/18/2021,108.34,173.27,262,Poor,,,,,,,,,,
Amaravati,12/19/2021,96.45,159.1,242,Poor,,,,,,,,,,
Amaravati,12/20/2021,90.25,141.29,204,Poor,,,,,,,,,,
Amaravati,12/21/2021,100.34,165.55,230,Poor,,,,,,,,,,
Amaravati,12/22/2021,62.75,117.55,171,Moderate,,,,,,,,,,
Amaravati,12/23/2021,62.74,108.94,113,Moderate,,,,,,,,,,
Amaravati,12/24/2021,34.51,63.23,96,Satisfactory,,,,,,,,,,
Amaravati,12/25/2021,15.12,40.61,56,Satisfactory,,,,,,,,,,
Amaravati,12/26/2021,27.25,49.07,48,Good,,,,,,,,,,
Amaravati,12/27/2021,51.67,70.71,91,Satisfactory,,,,,,,,,,
Amaravati,12/28/2021,54.24,87.78,96,Satisfactory,,,,,,,,,,
Amaravati,12/29/2021,47.81,99.22,111,Moderate,,,,,,,,,,
Amaravati,12/30/2021,84.99,137.17,143,Moderate,,,,,,,,,,
Amaravati,12/31/2021,63.05,111.15,141,Moderate,,,,,,,,,,
Amaravati,1/1/2022,71.09,128.56,130,Moderate,,,,,,,,,,
Amaravati,1/2/2022,76.78,129.54,149,Moderate,,,,,,,,,,
Amaravati,1/3/2022,73.21,129.76,150,Moderate,,,,,,,,,,
Amaravati,1/4/2022,81.64,146.56,159,Moderate,,,,,,,,,,
Amaravati,1/5/2022,81.71,142.46,178,Moderate,,,,,,,,,,
Amaravati,1/6/2022,75.52,125.82,159,Moderate,,,,,,,,,,
Amaravati,1/7/2022,58.02,96.18,126,Moderate,,,,,,,,,,
Amaravati,1/8/2022,65.56,128.56,115,Moderate,,,,,,,,,,
Amaravati,1/9/2022,56.98,148.8,136,Moderate,,,,,,,,,,
Amaravati,1/10/2022,74.5,119.5,131,Moderate,,,,,,,,,,
Amaravati,1/11/2022,66.61,121.81,137,Moderate,,,,,,,,,,
Amaravati,1/12/2022,70.86,142.17,121,Moderate,,,,,,,,,,
Amaravati,1/13/2022,69.96,130.91,157,Moderate,,,,,,,,,,
Amaravati,1/14/2022,60.11,101.22,116,Moderate,,,,,,,,,,
Amaravati,1/15/2022,33.9,64.61,87,Satisfactory,,,,,,,,,,
Amaravati,1/16/2022,31.75,58.96,58,Satisfactory,,,,,,,,,,
Amaravati,1/17/2022,34.8,72.77,74,Satisfactory,,,,,,,,,,
Amaravati,1/18/2022,32.07,63.36,90,Satisfactory,,,,,,,,,,
Amaravati,1/19/2022,30.32,66.4,61,Satisfactory,,,,,,,,,,
Amaravati,1/20/2022,38.35,95.79,96,Satisfactory,,,,,,,,,,
Amaravati,1/21/2022,36.92,106.73,96,Satisfactory,,,,,,,,,,
Amaravati,1/22/2022,43.16,149.98,126,Moderate,,,,,,,,,,
Amaravati,1/23/2022,42.51,121.35,131,Moderate,,,,,,,,,,
Amaravati,1/24/2022,33.88,80.8,95,Satisfactory,,,,,,,,,,
Amaravati,1/25/2022,22.47,52.83,62,Satisfactory,,,,,,,,,,
Amaravati,1/26/2022,14.78,39.26,64,Satisfactory,,,,,,,,,,
Amaravati,1/27/2022,20.92,49.94,60,Satisfactory,,,,,,,,,,
Amaravati,1/28/2022,27.08,59.54,101,Moderate,,,,,,,,,,
Amaravati,1/29/2022,23.72,51.79,63,Satisfactory,,,,,,,,,,
Amaravati,1/30/2022,22.49,54.86,57,Satisfactory,,,,,,,,,,
Amaravati,1/31/2022,21.59,52.32,54,Satisfactory,,,,,,,,,,
Amaravati,2/1/2022,34.44,76.9,61,Satisfactory,,,,,,,,,,
Amaravati,2/2/2022,49.2,116.27,120,Moderate,,,,,,,,,,
Amaravati,2/3/2022,42.1,87.51,105,Moderate,,,,,,,,,,
Amaravati,2/4/2022,16.39,53.9,92,Satisfactory,,,,,,,,,,
Amaravati,2/5/2022,12.88,59.01,86,Satisfactory,,,,,,,,,,
Amaravati,2/6/2022,10.66,47.74,56,Satisfactory,,,,,,,,,,
Amaravati,2/7/2022,12.77,50.79,78,Satisfactory,,,,,,,,,,
Amaravati,2/8/2022,27,90.58,74,Satisfactory,,,,,,,,,,
Amaravati,2/9/2022,32.79,104.04,97,Satisfactory,,,,,,,,,,
Amaravati,2/10/2022,39.77,129.33,107,Moderate,,,,,,,,,,
Amaravati,2/11/2022,43.78,124.06,130,Moderate,,,,,,,,,,
Amaravati,2/12/2022,40.96,101.35,110,Moderate,,,,,,,,,,
Amaravati,2/13/2022,40.08,93.9,98,Satisfactory,,,,,,,,,,
Amaravati,2/14/2022,22.52,69.14,101,Moderate,,,,,,,,,,
Amaravati,2/15/2022,22.09,53.31,85,Satisfactory,,,,,,,,,,
Amaravati,2/16/2022,25.39,49.43,85,Satisfactory,,,,,,,,,,
Amaravati,2/17/2022,21.71,43.12,60,Satisfactory,,,,,,,,,,
Amaravati,2/18/2022,23.56,53.08,56,Satisfactory,,,,,,,,,,
Amaravati,2/19/2022,23.68,64.65,67,Satisfactory,,,,,,,,,,
Amaravati,2/20/2022,17.99,48.09,79,Satisfactory,,,,,,,,,,
Amaravati,2/21/2022,17.03,46.96,45,Good,,,,,,,,,,
Amaravati,2/22/2022,20.58,51.83,53,Satisfactory,,,,,,,,,,
Amaravati,2/23/2022,24,60.54,69,Satisfactory,,,,,,,,,,
Amaravati,2/24/2022,27.44,70.3,65,Satisfactory,,,,,,,,,,
Amaravati,2/25/2022,24.11,65.16,78,Satisfactory,,,,,,,,,,
Amaravati,2/26/2022,28.43,60.07,83,Satisfactory,,,,,,,,,,
Amaravati,2/27/2022,33,72.26,64,Satisfactory,,,,,,,,,,
Amaravati,2/28/2022,37.09,70.85,102,Moderate,,,,,,,,,,
Amaravati,3/1/2022,30.05,62.5,92,Satisfactory,,,,,,,,,,
Amaravati,3/2/2022,20.75,45.07,58,Satisfactory,,,,,,,,,,
Amaravati,3/3/2022,13.97,39.04,76,Satisfactory,,,,,,,,,,
Amaravati,3/4/2022,18.72,50.84,78,Satisfactory,,,,,,,,,,
Amaravati,3/5/2022,22.07,63.47,91,Satisfactory,,,,,,,,,,
Amaravati,3/6/2022,19.4,55.83,124,Moderate,,,,,,,,,,
Amaravati,3/7/2022,13.49,34.05,75,Satisfactory,,,,,,,,,,
Amaravati,3/8/2022,20.68,38.77,73,Satisfactory,,,,,,,,,,
Amaravati,3/9/2022,16.52,36.76,101,Moderate,,,,,,,,,,
Amaravati,3/10/2022,15.91,33.28,64,Satisfactory,,,,,,,,,,
Amaravati,3/11/2022,17.24,43.11,80,Satisfactory,,,,,,,,,,
Amaravati,3/12/2022,25.87,89,85,Satisfactory,,,,,,,,,,
Amaravati,3/13/2022,15.77,50.12,80,Satisfactory,,,,,,,,,,
Amaravati,3/14/2022,23.75,68.9,84,Satisfactory,,,,,,,,,,
Amaravati,3/15/2022,25.36,81.59,79,Satisfactory,,,,,,,,,,
Amaravati,3/16/2022,32.7,91.22,91,Satisfactory,,,,,,,,,,
Amaravati,3/17/2022,20.21,57.8,79,Satisfactory,,,,,,,,,,
Amaravati,3/18/2022,11.55,37.66,82,Satisfactory,,,,,,,,,,
Amaravati,3/19/2022,9.39,36.94,45,Good,,,,,,,,,,
Amaravati,3/20/2022,9.77,35.42,41,Good,,,,,,,,,,
Amaravati,3/21/2022,21.38,75.6,78,Satisfactory,,,,,,,,,,
Amaravati,3/22/2022,24.68,132.02,124,Moderate,,,,,,,,,,
Amaravati,3/23/2022,17.58,59.05,73,Satisfactory,,,,,,,,,,
Amaravati,3/24/2022,28.05,84.5,71,Satisfactory,,,,,,,,,,
Amaravati,3/25/2022,27.98,79.71,79,Satisfactory,,,,,,,,,,
Amaravati,3/26/2022,23.32,70.68,78,Satisfactory,,,,,,,,,,
Amaravati,3/27/2022,15.52,46.14,57,Satisfactory,,,,,,,,,,
Amaravati,3/28/2022,12.11,40.82,46,Good,,,,,,,,,,
Amaravati,3/29/2022,19.03,60.71,58,Satisfactory,,,,,,,,,,
Amaravati,3/30/2022,27.18,93.8,83,Satisfactory,,,,,,,,,,
Amaravati,3/31/2022,38.9,111.93,109,Moderate,,,,,,,,,,
Amaravati,4/1/2022,57.73,211.34,148,Moderate,,,,,,,,,,
Amaravati,4/2/2022,44.49,163.62,158,Moderate,,,,,,,,,,
Amaravati,4/3/2022,39.76,152.97,146,Moderate,,,,,,,,,,
Amaravati,4/4/2022,47.3,136.76,133,Moderate,,,,,,,,,,
Amaravati,4/5/2022,39.81,138.9,122,Moderate,,,,,,,,,,
Amaravati,4/6/2022,49.19,155.58,126,Moderate,,,,,,,,,,
Amaravati,4/7/2022,40.38,112.93,131,Moderate,,,,,,,,,,
Amaravati,4/8/2022,44.65,114.79,124,Moderate,,,,,,,,,,
Amaravati,4/9/2022,35.5,98.4,106,Moderate,,,,,,,,,,
Amaravati,4/13/2022,34.12,88.79,109,Moderate,,,,,,,,,,
Amaravati,4/14/2022,41.62,95.91,92,Satisfactory,,,,,,,,,,
Amaravati,4/15/2022,43.1,96.34,88,Satisfactory,,,,,,,,,,
Amaravati,4/16/2022,35.3,89.42,95,Satisfactory,,,,,,,,,,
Amaravati,4/17/2022,40.35,94.6,93,Satisfactory,,,,,,,,,,
Amaravati,4/18/2022,32.33,78.4,104,Moderate,,,,,,,,,,
Amaravati,4/19/2022,24.95,74.2,80,Satisfactory,,,,,,,,,,
Amaravati,4/21/2022,30.42,76.95,99,Satisfactory,,,,,,,,,,
Amaravati,4/22/2022,36.5,84.57,99,Satisfactory,,,,,,,,,,
Amaravati,4/23/2022,40.04,98.75,108,Moderate,,,,,,,,,,
Amaravati,4/24/2022,40.51,99.45,99,Satisfactory,,,,,,,,,,
Amaravati,4/25/2022,38.88,86.09,106,Moderate,,,,,,,,,,
Amaravati,4/26/2022,36.31,77.21,85,Satisfactory,,,,,,,,,,
Amaravati,4/27/2022,38.7,82.24,83,Satisfactory,,,,,,,,,,
Amaravati,4/28/2022,33.52,79.78,83,Satisfactory,,,,,,,,,,
Amaravati,4/29/2022,36.8,75.96,74,Satisfactory,,,,,,,,,,
Amaravati,4/30/2022,41.89,99.66,103,Moderate,,,,,,,,,,
Amaravati,5/1/2022,41.47,90.61,101,Moderate,,,,,,,,,,
Amaravati,5/2/2022,31.52,73.42,80,Satisfactory,,,,,,,,,,
Amaravati,5/3/2022,39.73,104.78,107,Moderate,,,,,,,,,,
Amaravati,5/4/2022,36.24,84.55,91,Satisfactory,,,,,,,,,,
Amaravati,5/5/2022,24.16,59.22,78,Satisfactory,,,,,,,,,,
Amaravati,5/6/2022,23.12,57.48,65,Satisfactory,,,,,,,,,,
Amaravati,5/7/2022,31.95,71.15,71,Satisfactory,,,,,,,,,,
Amaravati,5/8/2022,26.02,66.47,90,Satisfactory,,,,,,,,,,
Amaravati,5/9/2022,22.19,63.59,78,Satisfactory,,,,,,,,,,
Amaravati,5/10/2022,13.91,48.33,61,Satisfactory,,,,,,,,,,
Amaravati,5/11/2022,11.81,43.2,50,Good,,,,,,,,,,
Amaravati,5/12/2022,10.02,31.73,42,Good,,,,,,,,,,
Amaravati,5/13/2022,9.55,31.71,38,Good,,,,,,,,,,
Amaravati,5/14/2022,17.42,69.93,54,Satisfactory,,,,,,,,,,
Amaravati,5/15/2022,19.25,71.73,75,Satisfactory,,,,,,,,,,
Amaravati,5/16/2022,23.99,66.09,72,Satisfactory,,,,,,,,,,
Amaravati,5/17/2022,23.62,68.06,59,Satisfactory,,,,,,,,,,
Amaravati,5/18/2022,21.28,72.04,77,Satisfactory,,,,,,,,,,
Amaravati,5/19/2022,14.03,40.6,59,Satisfactory,,,,,,,,,,
Amaravati,5/20/2022,17.9,39.22,42,Good,,,,,,,,,,
Amaravati,5/21/2022,17.07,40.3,46,Good,,,,,,,,,,
Amaravati,5/22/2022,13.45,34.6,48,Good,,,,,,,,,,
Amaravati,5/23/2022,15.93,32.7,53,Satisfactory,,,,,,,,,,
Amaravati,5/24/2022,19.8,34.77,78,Satisfactory,,,,,,,,,,
Amaravati,5/25/2022,21.45,38.36,74,Satisfactory,,,,,,,,,,
Amaravati,5/26/2022,12.45,30.36,70,Satisfactory,,,,,,,,,,
Amaravati,5/27/2022,9.57,26.83,42,Good,,,,,,,,,,
Amaravati,5/28/2022,8.23,21.73,40,Good,,,,,,,,,,
Amaravati,5/29/2022,11.55,25.16,46,Good,,,,,,,,,,
Amaravati,5/30/2022,13.4,23.95,39,Good,,,,,,,,,,
Amaravati,5/31/2022,12.05,24.42,66,Satisfactory,,,,,,,,,,
Amaravati,6/1/2022,14.54,32.83,68,Satisfactory,,,,,,,,,,
Amaravati,6/2/2022,8.4,21.46,68,Satisfactory,,,,,,,,,,
Amaravati,6/3/2022,10.31,22.14,70,Satisfactory,,,,,,,,,,
Amaravati,6/4/2022,13.91,38.67,72,Satisfactory,,,,,,,,,,
Amaravati,6/5/2022,15.17,40.56,43,Good,,,,,,,,,,
Amaravati,6/6/2022,13.1,34.85,35,Good,,,,,,,,,,
Amaravati,6/7/2022,11.3,31.96,37,Good,,,,,,,,,,
Amaravati,6/8/2022,13.03,29.59,75,Satisfactory,,,,,,,,,,
Amaravati,6/9/2022,11.17,25.03,40,Good,,,,,,,,,,
Amaravati,6/10/2022,11.65,27.15,70,Satisfactory,,,,,,,,,,
Amaravati,6/11/2022,17.22,34.78,48,Good,,,,,,,,,,
Amaravati,6/12/2022,12.68,20.52,41,Good,,,,,,,,,,
Amaravati,6/13/2022,10.73,22.63,48,Good,,,,,,,,,,
Amaravati,6/14/2022,14.44,40.44,39,Good,,,,,,,,,,
Amaravati,6/15/2022,21.86,56.69,55,Satisfactory,,,,,,,,,,
Amaravati,6/16/2022,16.18,39.97,53,Satisfactory,,,,,,,,,,
Amaravati,6/17/2022,22.28,42.15,46,Good,,,,,,,,,,
Amaravati,6/18/2022,11.14,18.23,47,Good,,,,,,,,,,
Amaravati,6/19/2022,14.72,22.46,45,Good,,,,,,,,,,
Amaravati,6/20/2022,12.89,26.39,39,Good,,,,,,,,,,
Amaravati,6/21/2022,13.53,23.73,35,Good,,,,,,,,,,
Amaravati,6/24/2022,7.48,15.84,35,Good,,,,,,,,,,
Amaravati,6/25/2022,12.52,30.89,65,Satisfactory,,,,,,,,,,
Amaravati,6/26/2022,13.25,37.61,36,Good,,,,,,,,,,
Amaravati,6/27/2022,10.89,26.77,68,Satisfactory,,,,,,,,,,
Amaravati,6/28/2022,8,22.87,28,Good,,,,,,,,,,
Amaravati,6/29/2022,10.62,26.84,29,Good,,,,,,,,,,
Amaravati,6/30/2022,8.71,21.35,34,Good,,,,,,,,,,
Amaravati,7/1/2022,6.85,13.3,68,Satisfactory,,,,,,,,,,
Amaravati,7/2/2022,9.31,19.98,24,Good,,,,,,,,,,
Amaravati,7/3/2022,9.09,18.33,27,Good,,,,,,,,,,
Amaravati,7/4/2022,7.53,24.18,31,Good,,,,,,,,,,
Amaravati,7/5/2022,6.89,13.83,32,Good,,,,,,,,,,
Amaravati,7/6/2022,7.35,18.12,66,Satisfactory,,,,,,,,,,
Amaravati,7/7/2022,7.45,19.56,27,Good,,,,,,,,,,
Amaravati,7/8/2022,10.88,30.31,32,Good,,,,,,,,,,
Amaravati,7/9/2022,13.49,37.83,70,Satisfactory,,,,,,,,,,
Amaravati,7/10/2022,16.6,47.35,76,Satisfactory,,,,,,,,,,
Amaravati,7/11/2022,18.19,43.56,49,Good,,,,,,,,,,
Amaravati,7/14/2022,24.56,47.61,51,Satisfactory,,,,,,,,,,
Amaravati,7/15/2022,15.75,34.12,49,Good,,,,,,,,,,
Amaravati,7/16/2022,17.54,31.8,40,Good,,,,,,,,,,
Amaravati,7/27/2022,15.8,44.75,92,Satisfactory,,,,,,,,,,
Amaravati,7/28/2022,14.98,36.58,47,Good,,,,,,,,,,
Amaravati,7/29/2022,10.11,23.08,37,Good,,,,,,,,,,
Amaravati,9/6/2022,23.31,39.09,50,Good,,,,,,,,,,
Amaravati,9/7/2022,27.63,44.01,78,Satisfactory,,,,,,,,,,
Amaravati,9/8/2022,21.05,31.3,45,Good,,,,,,,,,,
Amaravati,9/9/2022,18.12,33.96,43,Good,,,,,,,,,,
Amaravati,9/10/2022,7.09,24.44,72,Satisfactory,,,,,,,,,,
Amaravati,9/11/2022,7.08,21.25,46,Good,,,,,,,,,,
Amaravati,9/12/2022,9.79,26.48,74,Satisfactory,,,,,,,,,,
Amaravati,9/13/2022,32.29,56.07,55,Satisfactory,,,,,,,,,,
Amaravati,9/14/2022,40,67.65,72,Satisfactory,,,,,,,,,,
Amaravati,9/15/2022,19.31,36.71,51,Satisfactory,,,,,,,,,,
Amaravati,9/16/2022,9.48,25.78,43,Good,,,,,,,,,,
Amaravati,9/17/2022,13.78,24.72,41,Good,,,,,,,,,,
Amaravati,9/18/2022,8.12,21.82,52,Satisfactory,,,,,,,,,,
Amaravati,9/19/2022,9.99,25.65,72,Satisfactory,,,,,,,,,,
Amaravati,9/20/2022,9.29,20.41,44,Good,,,,,,,,,,
Amaravati,9/21/2022,11.75,23.54,71,Satisfactory,,,,,,,,,,
Amaravati,9/22/2022,7.14,23.73,40,Good,,,,,,,,,,
Amaravati,9/23/2022,7.53,26.41,39,Good,,,,,,,,,,
Amaravati,9/24/2022,11.82,27.75,69,Satisfactory,,,,,,,,,,
Amaravati,9/25/2022,18.57,36.29,49,Good,,,,,,,,,,
Amaravati,9/26/2022,38.32,53.68,67,Satisfactory,,,,,,,,,,
Amaravati,9/27/2022,19.51,39.12,48,Good,,,,,,,,,,
Amaravati,9/28/2022,18.54,35.57,48,Good,,,,,,,,,,
Amaravati,9/29/2022,12.01,28.41,45,Good,,,,,,,,,,
Amaravati,9/30/2022,12.95,35.12,64,Satisfactory,,,,,,,,,,
Amaravati,10/1/2022,18.41,39.48,49,Good,,,,,,,,,,
Amaravati,10/2/2022,42.98,74.55,74,Satisfactory,,,,,,,,,,
Amaravati,10/3/2022,56.76,101.39,94,Satisfactory,,,,,,,,,,
Amaravati,10/4/2022,78.45,137.41,122,Moderate,,,,,,,,,,
Amaravati,10/5/2022,89.53,148.15,190,Moderate,,,,,,,,,,
Amaravati,10/6/2022,85.95,135.44,198,Moderate,,,,,,,,,,
Amaravati,10/7/2022,81.5,128.86,174,Moderate,,,,,,,,,,
Amaravati,10/8/2022,77.93,128.41,168,Moderate,,,,,,,,,,
Amaravati,10/9/2022,51.46,82.75,126,Moderate,,,,,,,,,,
Amaravati,10/10/2022,39.26,68.41,77,Satisfactory,,,,,,,,,,
Amaravati,10/11/2022,37.5,69.2,94,Satisfactory,,,,,,,,,,
Amaravati,10/12/2022,45.41,76.67,73,Satisfactory,,,,,,,,,,
Amaravati,10/13/2022,50.33,91.06,101,Moderate,,,,,,,,,,
Amaravati,10/14/2022,60.86,97.67,100,Satisfactory,,,,,,,,,,
Amaravati,10/15/2022,64.88,104.25,115,Moderate,,,,,,,,,,
Amaravati,10/16/2022,63.97,109.47,127,Moderate,,,,,,,,,,
Amaravati,10/17/2022,42.45,72.25,90,Satisfactory,,,,,,,,,,
Amaravati,10/18/2022,62.31,89.89,98,Satisfactory,,,,,,,,,,
Amaravati,10/19/2022,80.27,113.24,162,Moderate,,,,,,,,,,
Amaravati,10/20/2022,63.19,97.39,141,Moderate,,,,,,,,,,
Amaravati,10/21/2022,53.15,87.02,94,Satisfactory,,,,,,,,,,
Amaravati,10/22/2022,63.39,100.23,97,Satisfactory,,,,,,,,,,
Amaravati,10/23/2022,76.12,111.89,136,Moderate,,,,,,,,,,
Amaravati,10/24/2022,83.5,121.3,167,Moderate,,,,,,,,,,
Amaravati,10/25/2022,79.85,124.9,174,Moderate,,,,,,,,,,
Amaravati,10/26/2022,68.76,109.47,151,Moderate,,,,,,,,,,
Amaravati,10/27/2022,57.83,88.67,121,Moderate,,,,,,,,,,
Amaravati,10/28/2022,35.69,63.76,78,Satisfactory,,,,,,,,,,
Amaravati,10/29/2022,55.2,86.24,79,Satisfactory,,,,,,,,,,
Amaravati,10/30/2022,65.14,106.58,94,Satisfactory,,,,,,,,,,
Amaravati,10/31/2022,55.72,86.96,98,Satisfactory,,,,,,,,,,
Amaravati,11/1/2022,63.99,97.97,100,Satisfactory,,,,,,,,,,
Amaravati,11/2/2022,77.57,114.45,156,Moderate,,,,,,,,,,
Amaravati,11/3/2022,82.76,122.21,160,Moderate,,,,,,,,,,
Amaravati,11/4/2022,90.54,132.55,185,Moderate,,,,,,,,,,
Amaravati,11/5/2022,61.25,98.77,174,Moderate,,,,,,,,,,
Amaravati,11/6/2022,36.75,63.62,79,Satisfactory,,,,,,,,,,
Amaravati,11/7/2022,24.96,49.69,61,Satisfactory,,,,,,,,,,
Amaravati,11/8/2022,39.12,69.06,83,Satisfactory,,,,,,,,,,
Amaravati,11/9/2022,51.44,82.17,86,Satisfactory,,,,,,,,,,
Amaravati,11/10/2022,38.89,66.08,72,Satisfactory,,,,,,,,,,
Amaravati,11/11/2022,35.8,62.14,66,Satisfactory,,,,,,,,,,
Amaravati,11/12/2022,39.06,63.53,64,Satisfactory,,,,,,,,,,
Amaravati,11/13/2022,47.53,79,73,Satisfactory,,,,,,,,,,
Amaravati,11/14/2022,46.6,78.44,76,Satisfactory,,,,,,,,,,
Amaravati,11/15/2022,67.15,107.1,96,Satisfactory,,,,,,,,,,
Amaravati,11/16/2022,66.82,105.01,137,Moderate,,,,,,,,,,
Amaravati,11/17/2022,83.16,120.25,138,Moderate,,,,,,,,,,
Amaravati,11/18/2022,79.92,119.82,188,Moderate,,,,,,,,,,
Amaravati,11/19/2022,83.64,118.52,166,Moderate,,,,,,,,,,
Amaravati,11/20/2022,72.34,103.82,162,Moderate,,,,,,,,,,
Amaravati,11/21/2022,72.99,104.91,147,Moderate,,,,,,,,,,
Amaravati,11/22/2022,76.56,115.06,138,Moderate,,,,,,,,,,
Amaravati,11/23/2022,84.51,120.22,194,Moderate,,,,,,,,,,
Amaravati,11/24/2022,50.52,81.46,114,Moderate,,,,,,,,,,
Amaravati,11/25/2022,41.79,73.58,77,Satisfactory,,,,,,,,,,
Amaravati,11/26/2022,57.09,88.15,79,Satisfactory,,,,,,,,,,
Amaravati,11/27/2022,74.45,110.95,133,Moderate,,,,,,,,,,
Amaravati,11/28/2022,59.42,90.44,131,Moderate,,,,,,,,,,
Amaravati,11/29/2022,49.5,80.8,87,Satisfactory,,,,,,,,,,
Amaravati,11/30/2022,59.64,88.85,96,Satisfactory,,,,,,,,,,
Amaravati,12/1/2022,42.46,65.39,82,Satisfactory,,,,,,,,,,
Amaravati,12/2/2022,39.07,62.93,76,Satisfactory,,,,,,,,,,
Amaravati,12/3/2022,22.79,38.35,47,Good,,,,,,,,,,
Amaravati,12/4/2022,37.81,56.66,55,Satisfactory,,,,,,,,,,
Amaravati,12/5/2022,38.82,61.4,66,Satisfactory,,,,,,,,,,
Amaravati,12/6/2022,69.49,97.7,109,Moderate,,,,,,,,,,
Amaravati,12/7/2022,53.32,75.4,103,Moderate,,,,,,,,,,
Amaravati,12/8/2022,37.23,62.09,78,Satisfactory,,,,,,,,,,
Amaravati,12/9/2022,51.22,84.62,70,Satisfactory,,,,,,,,,,
Amaravati,12/10/2022,66.57,100.98,110,Moderate,,,,,,,,,,
Amaravati,12/11/2022,78.28,109.42,147,Moderate,,,,,,,,,,
Amaravati,12/12/2022,85.67,121.55,177,Moderate,,,,,,,,,,
Amaravati,12/13/2022,82.66,111.92,168,Moderate,,,,,,,,,,
Amaravati,12/14/2022,68.4,90.93,163,Moderate,,,,,,,,,,
Amaravati,12/15/2022,56.44,75.95,108,Moderate,,,,,,,,,,
Amaravati,12/16/2022,45.81,66.69,82,Satisfactory,,,,,,,,,,
Amaravati,12/17/2022,31.59,51.42,60,Satisfactory,,,,,,,,,,
Amaravati,12/18/2022,36.62,58.14,58,Satisfactory,,,,,,,,,,
Amaravati,12/19/2022,31.22,57.33,62,Satisfactory,,,,,,,,,,
Amaravati,12/20/2022,29.88,55.3,63,Satisfactory,,,,,,,,,,
Amaravati,12/21/2022,37.56,65.26,63,Satisfactory,,,,,,,,,,
Amaravati,12/22/2022,59.33,93.3,87,Satisfactory,,,,,,,,,,
Amaravati,12/23/2022,61.4,96.6,101,Moderate,,,,,,,,,,
Amaravati,12/24/2022,51.18,76.33,98,Satisfactory,,,,,,,,,,
Amaravati,12/25/2022,38.39,63.99,77,Satisfactory,,,,,,,,,,
Amaravati,12/26/2022,34.56,62.65,74,Satisfactory,,,,,,,,,,
Amaravati,12/27/2022,33.62,60.66,65,Satisfactory,,,,,,,,,,
Amaravati,12/28/2022,29.98,51.68,59,Satisfactory,,,,,,,,,,
Amaravati,12/29/2022,32.18,60.01,59,Satisfactory,,,,,,,,,,
Amaravati,12/30/2022,26.72,53.9,66,Satisfactory,,,,,,,,,,
Amaravati,12/31/2022,21.22,43.36,52,Satisfactory,,,,,,,,,,
Amaravati,1/1/2023,19.94,42.27,47,Good,,,,,,,,,,
Amaravati,1/2/2023,24.44,47.41,48,Good,,,,,,,,,,
Amaravati,1/3/2023,27.24,49.64,54,Satisfactory,,,,,,,,,,
Amaravati,1/4/2023,25.74,46.38,54,Satisfactory,,,,,,,,,,
Amaravati,1/5/2023,20.12,42.08,47,Good,,,,,,,,,,
Amaravati,1/6/2023,16.85,37.38,44,Good,,,,,,,,,,
Amaravati,1/7/2023,22.46,41.78,45,Good,,,,,,,,,,
Amaravati,1/8/2023,38.73,63.42,51,Satisfactory,,,,,,,,,,
Amaravati,1/9/2023,36.26,56.64,65,Satisfactory,,,,,,,,,,
Amaravati,1/10/2023,45.14,73.27,70,Satisfactory,,,,,,,,,,
Amaravati,1/11/2023,59.61,94.82,86,Satisfactory,,,,,,,,,,
Amaravati,1/12/2023,61.24,99.2,110,Moderate,,,,,,,,,,
Amaravati,1/13/2023,43.11,76.55,87,Satisfactory,,,,,,,,,,
Amaravati,1/14/2023,64.53,110.64,103,Moderate,,,,,,,,,,
Amaravati,1/15/2023,37.53,64.2,88,Satisfactory,,,,,,,,,,
Amaravati,1/16/2023,29.12,54.82,66,Satisfactory,,,,,,,,,,
Amaravati,1/17/2023,31.68,62.23,66,Satisfactory,,,,,,,,,,
Amaravati,1/18/2023,40.98,69.15,65,Satisfactory,,,,,,,,,,
Amaravati,1/19/2023,49.1,74.88,77,Satisfactory,,,,,,,,,,
Amaravati,1/20/2023,35.92,61.83,74,Satisfactory,,,,,,,,,,
Amaravati,1/21/2023,27.13,54.16,60,Satisfactory,,,,,,,,,,
Amaravati,1/22/2023,34.81,62.43,82,Satisfactory,,,,,,,,,,
Amaravati,1/23/2023,31.66,53.22,68,Satisfactory,,,,,,,,,,
Amaravati,1/24/2023,24.86,47.43,53,Satisfactory,,,,,,,,,,
Amaravati,1/25/2023,31.28,59.42,78,Satisfactory,,,,,,,,,,
Amaravati,1/26/2023,38.85,67.95,73,Satisfactory,,,,,,,,,,
Amaravati,1/27/2023,31.99,57.18,68,Satisfactory,,,,,,,,,,
Amaravati,1/28/2023,35.99,59.72,65,Satisfactory,,,,,,,,,,
Amaravati,1/29/2023,32.99,56.46,67,Satisfactory,,,,,,,,,,
Amaravati,1/30/2023,39.84,62.14,67,Satisfactory,,,,,,,,,,
Amaravati,1/31/2023,40.19,64.95,70,Satisfactory,,,,,,,,,,
Amaravati,2/1/2023,35.95,59.47,66,Satisfactory,,,,,,,,,,
Amaravati,2/2/2023,20.14,31.66,47,Good,,,,,,,,,,
Amaravati,2/3/2023,19,31.65,36,Good,,,,,,,,,,
Amaravati,2/4/2023,14.26,24.49,35,Good,,,,,,,,,,
Amaravati,2/5/2023,10.28,22.95,35,Good,,,,,,,,,,
Amaravati,2/6/2023,12.37,22.79,42,Good,,,,,,,,,,
Amaravati,2/7/2023,10.63,22.11,35,Good,,,,,,,,,,
Amaravati,2/8/2023,11.08,19.3,35,Good,,,,,,,,,,
Amaravati,2/9/2023,12.73,24.73,38,Good,,,,,,,,,,
Amaravati,2/10/2023,18.17,33.52,35,Good,,,,,,,,,,
Amaravati,2/11/2023,23.78,44.16,48,Good,,,,,,,,,,
Amaravati,2/12/2023,25.83,45.42,48,Good,,,,,,,,,,
Amaravati,2/13/2023,27.28,47.52,48,Good,,,,,,,,,,
Amaravati,2/14/2023,31.49,49.92,54,Satisfactory,,,,,,,,,,
Amaravati,2/15/2023,19.45,36.11,48,Good,,,,,,,,,,
Amaravati,2/16/2023,18.86,35.92,51,Satisfactory,,,,,,,,,,
Amaravati,2/17/2023,15.23,28.92,43,Good,,,,,,,,,,
Amaravati,2/18/2023,13.9,26.07,37,Good,,,,,,,,,,
Amaravati,2/19/2023,25.49,42.7,39,Good,,,,,,,,,,
Amaravati,2/20/2023,26.01,50.98,51,Satisfactory,,,,,,,,,,
Amaravati,2/21/2023,17.19,39.17,47,Good,,,,,,,,,,
Amaravati,2/22/2023,16.77,35.65,101,Moderate,,,,,,,,,,
Amaravati,2/23/2023,23.67,44.23,108,Moderate,,,,,,,,,,
Amaravati,2/24/2023,25.36,50.63,52,Satisfactory,,,,,,,,,,
Amaravati,2/25/2023,25.12,52.01,61,Satisfactory,,,,,,,,,,
Amaravati,2/26/2023,26.96,53.31,58,Satisfactory,,,,,,,,,,
Amaravati,2/27/2023,30.36,60.36,58,Satisfactory,,,,,,,,,,
Amaravati,2/28/2023,29.86,55.8,69,Satisfactory,,,,,,,,,,
Amaravati,3/1/2023,34.77,63.95,69,Satisfactory,,,,,,,,,,
Amaravati,3/2/2023,29.77,59.98,59,Satisfactory,,,,,,,,,,
Amaravati,3/3/2023,30.52,54.56,59,Satisfactory,,,,,,,,,,
Amaravati,3/4/2023,30.58,53.17,55,Satisfactory,,,,,,,,,,
Amaravati,3/5/2023,23.9,46.95,51,Satisfactory,,,,,,,,,,
Amaravati,3/6/2023,16.28,33.84,39,Good,,,,,,,,,,
Amaravati,3/7/2023,11.01,28.46,30,Good,,,,,,,,,,
Amaravati,3/8/2023,16.58,36.98,38,Good,,,,,,,,,,
Amaravati,3/9/2023,18.11,38.01,52,Satisfactory,,,,,,,,,,
Amaravati,3/10/2023,21.17,41.26,53,Satisfactory,,,,,,,,,,
Amaravati,3/11/2023,13.72,31.06,42,Good,,,,,,,,,,
Amaravati,3/12/2023,16.75,36.94,44,Good,,,,,,,,,,
Amaravati,3/13/2023,18.38,40.46,47,Good,,,,,,,,,,
Amaravati,3/14/2023,19.77,45.79,50,Good,,,,,,,,,,
Amaravati,3/15/2023,18.62,45.2,51,Satisfactory,,,,,,,,,,
Amaravati,3/16/2023,17.21,38.03,43,Good,,,,,,,,,,
Amaravati,3/17/2023,13.28,40.72,40,Good,,,,,,,,,,
Amaravati,3/18/2023,7.38,26.67,41,Good,,,,,,,,,,
Amaravati,3/19/2023,7.59,24.92,35,Good,,,,,,,,,,
Amaravati,3/20/2023,7.81,23.53,30,Good,,,,,,,,,,
Amaravati,3/21/2023,7.35,20.8,26,Good,,,,,,,,,,
Amaravati,3/22/2023,9.51,24.12,26,Good,,,,,,,,,,
Amaravati,3/23/2023,11.34,26.66,30,Good,,,,,,,,,,
Amaravati,3/24/2023,9.36,26.24,31,Good,,,,,,,,,,
Amaravati,3/25/2023,14.44,38.88,43,Good,,,,,,,,,,
Amaravati,3/26/2023,11.9,29.15,56,Satisfactory,,,,,,,,,,
Amaravati,3/27/2023,16.45,32.26,52,Satisfactory,,,,,,,,,,
Amaravati,3/28/2023,10.61,33.88,41,Good,,,,,,,,,,
Amaravati,3/29/2023,35.38,63.42,43,Good,,,,,,,,,,
Amaravati,3/30/2023,26.8,50.65,56,Satisfactory,,,,,,,,,,
Amaravati,3/31/2023,28.33,54.31,51,Satisfactory,,,,,,,,,,
Amaravati,4/1/2023,24.11,50.38,60,Satisfactory,,,,,,,,,,
Amaravati,4/2/2023,21.42,54.69,52,Satisfactory,,,,,,,,,,
Amaravati,4/3/2023,22.79,56.2,55,Satisfactory,,,,,,,,,,
Amaravati,4/4/2023,,11,58,Satisfactory,,,,,,,,,,
Amaravati,4/5/2023,14.28,35.43,44,Good,,,,,,,,,,
Amaravati,4/6/2023,18.76,41.98,45,Good,,,,,,,,,,
Amaravati,4/7/2023,18.81,47.91,43,Good,,,,,,,,,,
Amaravati,4/8/2023,18.48,43.55,54,Satisfactory,,,,,,,,,,
Amaravati,4/9/2023,14.26,34.12,42,Good,,,,,,,,,,
Amaravati,4/10/2023,17.1,44.23,43,Good,,,,,,,,,,
Amaravati,4/11/2023,13.9,36.24,39,Good,,,,,,,,,,
Amaravati,4/12/2023,13.11,36.14,41,Good,,,,,,,,,,
Amaravati,4/13/2023,12.05,34.03,36,Good,,,,,,,,,,
Amaravati,4/14/2023,13.47,36.01,39,Good,,,,,,,,,,
Amaravati,4/15/2023,,35.01,41,Good,,,,,,,,,,
Amaravati,4/16/2023,,44.57,48,Good,,,,,,,,,,
Amaravati,4/17/2023,30.46,54.8,55,Satisfactory,,,,,,,,,,
Amaravati,4/18/2023,34.15,71.94,77,Satisfactory,,,,,,,,,,
Amaravati,4/19/2023,41.46,108.2,93,Satisfactory,,,,,,,,,,
Amaravati,4/20/2023,27.66,102.68,105,Moderate,,,,,,,,,,
Amaravati,4/21/2023,29.9,103.68,103,Moderate,,,,,,,,,,
Amaravati,4/22/2023,21.15,72.04,88,Satisfactory,,,,,,,,,,
Amaravati,4/23/2023,18.09,60.29,66,Satisfactory,,,,,,,,,,
Amaravati,4/24/2023,16.93,57.4,57,Satisfactory,,,,,,,,,,
Amaravati,4/25/2023,22.01,72.96,69,Satisfactory,,,,,,,,,,
Amaravati,4/26/2023,24.22,66.04,69,Satisfactory,,,,,,,,,,
Amaravati,4/27/2023,25.16,66.12,64,Satisfactory,,,,,,,,,,
Amaravati,4/28/2023,20.96,68.44,70,Satisfactory,,,,,,,,,,
Amaravati,4/29/2023,22.5,62.08,63,Satisfactory,,,,,,,,,,
Amaravati,4/30/2023,19.96,58.07,62,Satisfactory,,,,,,,,,,
Amaravati,5/1/2023,8.09,37.02,46,Good,,,,,,,,,,
Amaravati,5/2/2023,12.78,38.24,41,Good,,,,,,,,,,
Amaravati,5/3/2023,10.23,35.22,40,Good,,,,,,,,,,
Amaravati,5/4/2023,7.89,34.52,39,Good,,,,,,,,,,
Amaravati,5/5/2023,9.33,36.04,58,Satisfactory,,,,,,,,,,
Amaravati,5/6/2023,10.14,43.39,44,Good,,,,,,,,,,
Amaravati,5/7/2023,11.49,47.69,50,Good,,,,,,,,,,
Amaravati,5/8/2023,12.19,49.5,54,Satisfactory,,,,,,,,,,
Amaravati,5/9/2023,10.39,44.35,61,Satisfactory,,,,,,,,,,
Amaravati,5/10/2023,10.18,25.24,58,Satisfactory,,,,,,,,,,
Amaravati,5/11/2023,5.6,12.17,53,Satisfactory,,,,,,,,,,
Amaravati,5/12/2023,4.7,12.83,47,Good,,,,,,,,,,
Amaravati,5/13/2023,4.65,12.76,44,Good,,,,,,,,,,
Amaravati,5/14/2023,11.71,25.81,47,Good,,,,,,,,,,
Amaravati,5/15/2023,10.07,24.04,41,Good,,,,,,,,,,
Amaravati,5/16/2023,11.61,31.52,39,Good,,,,,,,,,,
Amaravati,5/17/2023,8.73,18.33,36,Good,,,,,,,,,,
Amaravati,5/18/2023,11.2,27.86,42,Good,,,,,,,,,,
Amaravati,5/19/2023,11.03,34.97,43,Good,,,,,,,,,,
Amaravati,5/20/2023,16.99,45.43,55,Satisfactory,,,,,,,,,,
Amaravati,5/21/2023,12.74,30.83,50,Good,,,,,,,,,,
Amaravati,5/22/2023,17.97,50.49,46,Good,,,,,,,,,,
Amaravati,5/23/2023,15.48,34.84,55,Satisfactory,,,,,,,,,,
Amaravati,5/24/2023,14.88,35.33,52,Satisfactory,,,,,,,,,,
Amaravati,5/25/2023,20.74,37.36,50,Good,,,,,,,,,,
Amaravati,5/26/2023,10.41,20.55,37,Good,,,,,,,,,,
Amaravati,5/27/2023,14.5,24.43,42,Good,,,,,,,,,,
Amaravati,5/28/2023,16.65,28.51,49,Good,,,,,,,,,,
Amaravati,5/29/2023,20.96,32.56,56,Satisfactory,,,,,,,,,,
Amaravati,5/30/2023,21.34,35.16,61,Satisfactory,,,,,,,,,,
Amaravati,5/31/2023,22,34,54,Satisfactory,,,,,,,,,,
Amritsar,6/2/2023,12.45,13.8,52,Satisfactory,,,,,,,,,,
Amritsar,6/3/2023,19.52,21.88,31,Good,,,,,,,,,,
Amritsar,6/4/2023,77.71,80.27,106,Moderate,,,,,,,,,,
Amritsar,6/5/2023,19.7,33.08,98,Satisfactory,,,,,,,,,,
Amritsar,6/6/2023,22.91,56.19,61,Satisfactory,,,,,,,,,,
Amritsar,6/7/2023,29.56,44.5,62,Satisfactory,,,,,,,,,,
Amritsar,6/8/2023,46.13,62.88,78,Satisfactory,,,,,,,,,,
Amritsar,6/9/2023,44.3,52.12,72,Satisfactory,,,,,,,,,,
Amritsar,6/10/2023,41.23,52.75,71,Satisfactory,,,,,,,,,,
Amritsar,6/11/2023,29.88,33.2,59,Satisfactory,,,,,,,,,,
Amritsar,6/12/2023,37.93,43.69,73,Satisfactory,,,,,,,,,,
Amritsar,6/13/2023,32.46,50.76,56,Satisfactory,,,,,,,,,,
Amritsar,6/14/2023,25.65,54.59,55,Satisfactory,,,,,,,,,,
Amritsar,6/15/2023,41.36,77.43,69,Satisfactory,,,,,,,,,,
Amritsar,6/16/2023,51.88,86.64,80,Satisfactory,,,,,,,,,,
Amritsar,6/17/2023,51.59,86.11,89,Satisfactory,,,,,,,,,,
Amritsar,6/18/2023,45.46,82.73,79,Satisfactory,,,,,,,,,,
Amritsar,6/19/2023,152.17,93.68,262,Poor,,,,,,,,,,
Amritsar,6/20/2023,72.87,98.47,184,Moderate,,,,,,,,,,
Amritsar,6/21/2023,73.26,97.64,138,Moderate,,,,,,,,,,
Amritsar,6/22/2023,65.26,95.91,138,Moderate,,,,,,,,,,
Amritsar,6/23/2023,56.39,92.68,100,Satisfactory,,,,,,,,,,
Amritsar,6/24/2023,55.43,88.17,89,Satisfactory,,,,,,,,,,
Amritsar,6/25/2023,40.95,77.09,84,Satisfactory,,,,,,,,,,
Amritsar,6/26/2023,40.99,67.5,72,Satisfactory,,,,,,,,,,
Amritsar,6/27/2023,57.49,80.09,90,Satisfactory,,,,,,,,,,
Amritsar,6/28/2023,45.98,72.74,84,Satisfactory,,,,,,,,,,
Amritsar,6/29/2023,47.2,78.45,74,Satisfactory,,,,,,,,,,
Amritsar,6/30/2023,58.95,83.09,96,Satisfactory,,,,,,,,,,
Amritsar,7/1/2023,39.4,66.81,76,Satisfactory,,,,,,,,,,
Amritsar,7/2/2023,39.47,71.86,71,Satisfactory,,,,,,,,,,
Amritsar,7/3/2023,52.77,72.49,91,Satisfactory,,,,,,,,,,
Amritsar,7/4/2023,16.38,25.27,45,Good,,,,,,,,,,
Amritsar,7/5/2023,20.11,34.76,30,Good,,,,,,,,,,
Amritsar,7/6/2023,42.05,88.9,72,Satisfactory,,,,,,,,,,
Amritsar,7/7/2023,40.64,63.97,76,Satisfactory,,,,,,,,,,
Amritsar,7/8/2023,31.96,59.43,60,Satisfactory,,,,,,,,,,
Amritsar,7/9/2023,,,59,Satisfactory,,,,,,,,,,
Amritsar,7/12/2023,24.29,39.48,44,Good,,,,,,,,,,
Amritsar,7/13/2023,30.05,55.59,57,Satisfactory,,,,,,,,,,
Amritsar,7/14/2023,41.4,62.53,66,Satisfactory,,,,,,,,,,
Amritsar,7/15/2023,33.11,58.18,63,Satisfactory,,,,,,,,,,
Amritsar,7/16/2023,50.72,70.44,85,Satisfactory,,,,,,,,,,
Amritsar,7/17/2023,25.84,28.59,61,Satisfactory,,,,,,,,,,
Amritsar,7/18/2023,24.3,27.21,49,Good,,,,,,,,,,
Amritsar,7/19/2023,33.02,45.93,53,Satisfactory,,,,,,,,,,
Amritsar,7/20/2023,53.08,101.55,82,Satisfactory,,,,,,,,,,
Amritsar,7/21/2023,82.91,116.95,170,Moderate,,,,,,,,,,
Amritsar,7/22/2023,32.08,94.3,109,Moderate,,,,,,,,,,
Amritsar,7/23/2023,27.6,39.29,65,Satisfactory,,,,,,,,,,
Amritsar,7/28/2023,25.74,,42,Good,,,,,,,,,,
Amritsar,7/29/2023,28.28,,46,Good,,,,,,,,,,
Amritsar,7/30/2023,25.1,,43,Good,,,,,,,,,,
Amritsar,7/31/2023,25.99,,43,Good,,,,,,,,,,
Amritsar,8/1/2023,27.14,,45,Good,,,,,,,,,,
Amritsar,8/2/2023,25.81,,43,Good,,,,,,,,,,
Amritsar,8/3/2023,23.96,,41,Good,,,,,,,,,,
Amritsar,8/4/2023,41.54,124.19,97,Satisfactory,,,,,,,,,,
Amritsar,8/5/2023,52.43,105.5,102,Moderate,,,,,,,,,,
Amritsar,8/6/2023,53.42,91.16,100,Satisfactory,,,,,,,,,,
Amritsar,8/7/2023,194.39,100.51,121,Moderate,,,,,,,,,,
Amritsar,8/8/2023,296.84,138.35,117,Moderate,,,,,,,,,,
Amritsar,8/9/2023,105.49,125.37,123,Moderate,,,,,,,,,,
Amritsar,8/10/2023,868.66,116.29,110,Moderate,,,,,,,,,,
Amritsar,8/11/2023,,156.75,122,Moderate,,,,,,,,,,
Amritsar,8/13/2023,595.88,219.63,539,Severe,,,,,,,,,,
Amritsar,8/14/2023,157.6,94.34,473,Severe,,,,,,,,,,
Amritsar,8/15/2023,53.9,124.48,138,Moderate,,,,,,,,,,
Amritsar,8/16/2023,40.51,121.36,116,Moderate,,,,,,,,,,
Amritsar,8/17/2023,,113.72,114,Moderate,,,,,,,,,,
Amritsar,8/18/2023,57.8,86.43,102,Moderate,,,,,,,,,,
Amritsar,8/19/2023,41.85,72.79,80,Satisfactory,,,,,,,,,,
Amritsar,8/20/2023,54.1,96.51,87,Satisfactory,,,,,,,,,,
Amritsar,8/21/2023,42.41,99.64,93,Satisfactory,,,,,,,,,,
Amritsar,8/22/2023,45.32,387.65,98,Satisfactory,,,,,,,,,,
Amritsar,8/23/2023,43.97,,89,Satisfactory,,,,,,,,,,
Amritsar,8/24/2023,36.59,,56,Satisfactory,,,,,,,,,,
Amritsar,8/25/2023,30.55,,56,Satisfactory,,,,,,,,,,
Amritsar,8/26/2023,192.7,,79,Satisfactory,,,,,,,,,,
Amritsar,8/27/2023,37.67,,270,Poor,,,,,,,,,,
Amritsar,8/28/2023,25.3,,48,Good,,,,,,,,,,
Amritsar,8/29/2023,20.42,,35,Good,,,,,,,,,,
Amritsar,8/30/2023,17.64,,34,Good,,,,,,,,,,
Amritsar,8/31/2023,19.68,,26,Good,,,,,,,,,,
Amritsar,9/1/2023,26.47,68.35,44,Good,,,,,,,,,,
Amritsar,9/2/2023,29.12,63.49,67,Satisfactory,,,,,,,,,,
Amritsar,9/3/2023,34.99,68.71,62,Satisfactory,,,,,,,,,,
Amritsar,9/5/2023,58.68,109.6,107,Moderate,,,,,,,,,,
Amritsar,9/6/2023,48.49,120.47,108,Moderate,,,,,,,,,,
Amritsar,9/7/2023,38.78,143.52,125,Moderate,,,,,,,,,,
Amritsar,9/8/2023,89.01,240.82,197,Moderate,,,,,,,,,,
Amritsar,9/9/2023,39.74,72.35,143,Moderate,,,,,,,,,,
Amritsar,9/10/2023,38.25,76.8,64,Satisfactory,,,,,,,,,,
Amritsar,9/11/2023,38.93,79.5,85,Satisfactory,,,,,,,,,,
Amritsar,9/12/2023,44.76,91.2,83,Satisfactory,,,,,,,,,,
Amritsar,9/13/2023,33.88,53.64,70,Satisfactory,,,,,,,,,,
Amritsar,9/14/2023,41.62,73.06,65,Satisfactory,,,,,,,,,,
Amritsar,9/16/2023,36.81,77.01,75,Satisfactory,,,,,,,,,,
Amritsar,9/17/2023,38.42,82.21,88,Satisfactory,,,,,,,,,,
Amritsar,9/18/2023,33.06,85.28,73,Satisfactory,,,,,,,,,,
Amritsar,9/19/2023,34.62,86.44,97,Satisfactory,,,,,,,,,,
Amritsar,9/20/2023,42.96,90.84,80,Satisfactory,,,,,,,,,,
Amritsar,9/21/2023,40.82,99.55,103,Moderate,,,,,,,,,,
Amritsar,9/22/2023,33.69,78.05,81,Satisfactory,,,,,,,,,,
Amritsar,9/23/2023,32,71.88,76,Satisfactory,,,,,,,,,,
Amritsar,9/24/2023,37.18,81.62,76,Satisfactory,,,,,,,,,,
Amritsar,9/25/2023,39.66,92.36,86,Satisfactory,,,,,,,,,,
Amritsar,9/26/2023,44.85,106.1,100,Satisfactory,,,,,,,,,,
Amritsar,9/27/2023,35.19,102.85,104,Moderate,,,,,,,,,,
Amritsar,9/28/2023,36.66,105.7,103,Moderate,,,,,,,,,,
Amritsar,9/29/2023,41.22,93.15,100,Satisfactory,,,,,,,,,,
Amritsar,9/30/2023,35.76,75.93,81,Satisfactory,,,,,,,,,,
Amritsar,10/1/2023,39.06,70.49,74,Satisfactory,,,,,,,,,,
Amritsar,10/2/2023,30.48,75.21,90,Satisfactory,,,,,,,,,,
Amritsar,10/3/2023,45.34,68.4,92,Satisfactory,,,,,,,,,,
Amritsar,10/4/2023,41.09,102.32,94,Satisfactory,,,,,,,,,,
Amritsar,10/5/2023,36.95,86.58,91,Satisfactory,,,,,,,,,,
Amritsar,10/6/2023,43.04,99.05,91,Satisfactory,,,,,,,,,,
Amritsar,10/7/2023,46.59,112.06,101,Moderate,,,,,,,,,,
Amritsar,10/8/2023,49.08,71.1,88,Satisfactory,,,,,,,,,,
Amritsar,10/9/2023,49,87.67,89,Satisfactory,,,,,,,,,,
Amritsar,10/10/2023,48.72,117.47,104,Moderate,,,,,,,,,,
Amritsar,10/13/2023,50.33,95.06,87,Satisfactory,,,,,,,,,,
Amritsar,10/14/2023,48.58,90.82,97,Satisfactory,,,,,,,,,,
Amritsar,10/15/2023,46.72,97.67,93,Satisfactory,,,,,,,,,,
Amritsar,10/16/2023,51.53,96.92,100,Satisfactory,,,,,,,,,,
Amritsar,10/17/2023,52.08,97.63,96,Satisfactory,,,,,,,,,,
Amritsar,10/18/2023,50.9,97.87,100,Satisfactory,,,,,,,,,,
Amritsar,10/19/2023,49.41,101.51,97,Satisfactory,,,,,,,,,,
Amritsar,10/20/2023,50.64,94.42,99,Satisfactory,,,,,,,,,,
Amritsar,10/21/2023,52.14,104.81,99,Satisfactory,,,,,,,,,,
Amritsar,10/22/2023,44.63,113.81,110,Moderate,,,,,,,,,,
Amritsar,10/23/2023,47.5,97.7,100,Satisfactory,,,,,,,,,,
Amritsar,10/24/2023,47.06,98.4,99,Satisfactory,,,,,,,,,,
Amritsar,10/25/2023,43.23,102.03,101,Moderate,,,,,,,,,,
Amritsar,10/26/2023,47.21,100.22,101,Moderate,,,,,,,,,,
Amritsar,10/27/2023,48.32,103.08,102,Moderate,,,,,,,,,,
Amritsar,10/28/2023,49.32,101.56,102,Moderate,,,,,,,,,,
Amritsar,11/1/2023,31.41,63.19,158,Moderate,,,,,,,,,,
Amritsar,11/2/2023,51.03,109.83,84,Satisfactory,,,,,,,,,,
Amritsar,11/3/2023,43.78,107.53,110,Moderate,,,,,,,,,,
Amritsar,11/4/2023,,,104,Moderate,,,,,,,,,,
Amritsar,11/13/2023,26.23,168.52,141,Moderate,,,,,,,,,,
Amritsar,11/14/2023,38.53,268.32,177,Moderate,,,,,,,,,,
Amritsar,11/15/2023,38.68,260.46,215,Poor,,,,,,,,,,
Amritsar,11/16/2023,21.38,69.39,139,Moderate,,,,,,,,,,
Amritsar,11/17/2023,36.69,114.7,92,Satisfactory,,,,,,,,,,
Amritsar,11/18/2023,33.27,136.51,120,Moderate,,,,,,,,,,
Amritsar,11/19/2023,43.31,206.85,146,Moderate,,,,,,,,,,
Amritsar,11/20/2023,41.05,209.7,176,Moderate,,,,,,,,,,
Amritsar,11/21/2023,28.53,139.39,156,Moderate,,,,,,,,,,
Amritsar,11/22/2023,23.58,69.33,85,Satisfactory,,,,,,,,,,
Amritsar,11/23/2023,36.83,96.84,94,Satisfactory,,,,,,,,,,
Amritsar,11/24/2023,31.97,73.55,74,Satisfactory,,,,,,,,,,
Amritsar,11/25/2023,28.94,87.82,82,Satisfactory,,,,,,,,,,
Amritsar,11/26/2023,47.34,109.02,101,Moderate,,,,,,,,,,
Amritsar,11/27/2023,38.36,94.01,106,Moderate,,,,,,,,,,
Amritsar,11/28/2023,25.91,67.56,69,Satisfactory,,,,,,,,,,
Amritsar,11/29/2023,29.99,90.31,82,Satisfactory,,,,,,,,,,
Amritsar,11/30/2023,28.77,88.13,94,Satisfactory,,,,,,,,,,
Amritsar,12/1/2023,18.41,56.07,67,Satisfactory,,,,,,,,,,
Amritsar,12/2/2023,25.56,69.8,61,Satisfactory,,,,,,,,,,
Amritsar,12/3/2023,36.13,84.72,80,Satisfactory,,,,,,,,,,
Amritsar,12/4/2023,32.01,57.41,70,Satisfactory,,,,,,,,,,
Amritsar,12/5/2023,27.65,70.89,62,Satisfactory,,,,,,,,,,
Amritsar,12/6/2023,28.76,82.4,77,Satisfactory,,,,,,,,,,
Amritsar,12/7/2023,34.81,93.24,92,Satisfactory,,,,,,,,,,
Amritsar,12/8/2023,30.17,101.82,90,Satisfactory,,,,,,,,,,
Amritsar,12/9/2023,29.15,135.49,117,Moderate,,,,,,,,,,
Amritsar,12/10/2023,30.99,129.56,118,Moderate,,,,,,,,,,
Amritsar,12/11/2023,37.7,123.54,119,Moderate,,,,,,,,,,
Amritsar,12/12/2023,47.29,170.2,131,Moderate,,,,,,,,,,
Amritsar,12/13/2023,24.04,131.16,142,Moderate,,,,,,,,,,
Amritsar,12/14/2023,27.56,99.6,97,Satisfactory,,,,,,,,,,
Amritsar,12/15/2023,59.49,163.28,125,Moderate,,,,,,,,,,
Amritsar,12/16/2023,75.94,197,159,Moderate,,,,,,,,,,
Amritsar,12/17/2023,35.3,190.24,161,Moderate,,,,,,,,,,
Amritsar,12/18/2023,37.93,165.9,154,Moderate,,,,,,,,,,
Amritsar,12/19/2023,54.76,153.86,136,Moderate,,,,,,,,,,
Amritsar,12/20/2023,52.81,197.08,137,Moderate,,,,,,,,,,
Amritsar,12/21/2023,71.8,225.14,173,Moderate,,,,,,,,,,
Amritsar,12/22/2023,44.09,221.27,202,Poor,,,,,,,,,,
Amritsar,12/23/2023,54.21,243.06,189,Moderate,,,,,,,,,,
Amritsar,12/24/2023,56.33,248.8,196,Moderate,,,,,,,,,,
Amritsar,12/25/2023,76.9,253.99,198,Moderate,,,,,,,,,,
Amritsar,12/26/2023,30.64,107.82,154,Moderate,,,,,,,,,,
Amritsar,12/27/2023,39.43,136.27,108,Moderate,,,,,,,,,,
Amritsar,12/28/2023,77.79,259.45,170,Moderate,,,,,,,,,,
Amritsar,12/29/2023,69.26,275.85,225,Poor,,,,,,,,,,
Amritsar,12/30/2023,53.55,253.61,216,Poor,,,,,,,,,,
Amritsar,12/31/2023,78.12,255.33,199,Moderate,,,,,,,,,,
Amritsar,1/1/2024,97.56,298.19,233,Poor,,,,,,,,,,
Amritsar,1/2/2024,203.2,311.39,271,Poor,,,,,,,,,,
Amritsar,1/3/2024,65.44,188.36,232,Poor,,,,,,,,,,
Amritsar,1/22/2024,248.12,445.44,463,Severe,,,,,,,,,,
Amritsar,1/23/2024,148.47,318.1,320,Very Poor,,,,,,,,,,
Amritsar,1/24/2024,194.47,357.95,338,Very Poor,,,,,,,,,,
Amritsar,1/25/2024,214.73,276.08,395,Very Poor,,,,,,,,,,
Amritsar,1/26/2024,71.13,191.27,229,Poor,,,,,,,,,,
Amritsar,1/27/2024,126.19,312.7,239,Poor,,,,,,,,,,
Amritsar,1/28/2024,133.53,309.8,318,Very Poor,,,,,,,,,,
Amritsar,1/29/2024,150.33,299.12,308,Very Poor,,,,,,,,,,
Amritsar,1/30/2024,165.75,302.65,338,Very Poor,,,,,,,,,,
Amritsar,1/31/2024,221.93,295.75,356,Very Poor,,,,,,,,,,
Amritsar,2/1/2024,147.44,289.42,341,Very Poor,,,,,,,,,,
Amritsar,2/2/2024,174.03,267.13,271,Poor,,,,,,,,,,
Amritsar,2/3/2024,145.27,261.79,304,Very Poor,,,,,,,,,,
Amritsar,2/4/2024,129.13,259.59,314,Very Poor,,,,,,,,,,
Amritsar,2/5/2024,146.53,252.25,317,Very Poor,,,,,,,,,,
Amritsar,2/6/2024,144.73,251.09,318,Very Poor,,,,,,,,,,
Amritsar,2/7/2024,160.69,290.59,319,Very Poor,,,,,,,,,,
Amritsar,2/8/2024,140.05,290.75,321,Very Poor,,,,,,,,,,
Amritsar,2/9/2024,97.78,232.21,252,Poor,,,,,,,,,,
Amritsar,2/10/2024,90.68,250.2,235,Poor,,,,,,,,,,
Amritsar,2/11/2024,113,222.95,248,Poor,,,,,,,,,,
Amritsar,2/12/2024,137.47,260.49,295,Poor,,,,,,,,,,
Amritsar,2/13/2024,147.97,267.24,317,Very Poor,,,,,,,,,,
Amritsar,2/14/2024,151.19,271.2,328,Very Poor,,,,,,,,,,
Amritsar,2/15/2024,121.54,234.56,311,Very Poor,,,,,,,,,,
Amritsar,2/16/2024,89.18,178.8,234,Poor,,,,,,,,,,
Amritsar,2/17/2024,38.17,100.14,128,Moderate,,,,,,,,,,
Amritsar,2/18/2024,78.81,182.69,131,Moderate,,,,,,,,,,
Amritsar,2/19/2024,111.37,228.78,262,Poor,,,,,,,,,,
Amritsar,2/20/2024,83,184.32,200,Moderate,,,,,,,,,,
Amritsar,2/21/2024,106.43,224.99,206,Poor,,,,,,,,,,
Amritsar,2/22/2024,144.45,295.86,314,Very Poor,,,,,,,,,,
Amritsar,2/23/2024,128.92,264.88,307,Very Poor,,,,,,,,,,
Amritsar,2/24/2024,143.36,276.23,318,Very Poor,,,,,,,,,,
Amritsar,2/25/2024,110.68,237.22,288,Poor,,,,,,,,,,
Amritsar,2/26/2024,141.64,270.82,302,Very Poor,,,,,,,,,,
Amritsar,2/27/2024,143.81,268.1,322,Very Poor,,,,,,,,,,
Amritsar,2/28/2024,137.81,263.37,316,Very Poor,,,,,,,,,,
Amritsar,2/29/2024,137.05,266.39,313,Very Poor,,,,,,,,,,
Amritsar,3/1/2024,129.76,268.24,306,Very Poor,,,,,,,,,,
Amritsar,3/2/2024,146.1,283.99,317,Very Poor,,,,,,,,,,
Amritsar,3/3/2024,146.1,265.34,323,Very Poor,,,,,,,,,,
Amritsar,3/4/2024,147.77,270.1,324,Very Poor,,,,,,,,,,
Amritsar,3/5/2024,119.12,232.05,296,Poor,,,,,,,,,,
Amritsar,3/6/2024,130.16,239.25,309,Very Poor,,,,,,,,,,
Amritsar,3/7/2024,108.22,214.5,266,Poor,,,,,,,,,,
Amritsar,3/8/2024,92.93,189.34,227,Poor,,,,,,,,,,
Amritsar,3/10/2024,106.08,215.78,185,Moderate,,,,,,,,,,
Amritsar,3/11/2024,131.98,266.2,298,Poor,,,,,,,,,,
Amritsar,3/12/2024,117.47,236.63,304,Very Poor,,,,,,,,,,
Amritsar,3/13/2024,102.19,198.88,277,Poor,,,,,,,,,,
Amritsar,3/14/2024,44.98,87.5,162,Moderate,,,,,,,,,,
Amritsar,3/15/2024,53.43,87.57,127,Moderate,,,,,,,,,,
Amritsar,3/16/2024,66.28,141.61,116,Moderate,,,,,,,,,,
Amritsar,3/17/2024,58.41,124.48,126,Moderate,,,,,,,,,,
Amritsar,3/18/2024,53.83,120.29,113,Moderate,,,,,,,,,,
Amritsar,3/19/2024,58.65,129.08,114,Moderate,,,,,,,,,,
Amritsar,3/20/2024,63.41,177.11,133,Moderate,,,,,,,,,,
Amritsar,3/21/2024,43.93,121.78,142,Moderate,,,,,,,,,,
Amritsar,3/22/2024,75.09,171.16,126,Moderate,,,,,,,,,,
Amritsar,3/23/2024,108.76,221.19,230,Poor,,,,,,,,,,
Amritsar,3/24/2024,87.22,198.96,227,Poor,,,,,,,,,,
Amritsar,3/25/2024,56.46,126.01,143,Moderate,,,,,,,,,,
Amritsar,3/26/2024,72.21,157.96,122,Moderate,,,,,,,,,,
Amritsar,3/27/2024,96.33,186.31,197,Moderate,,,,,,,,,,
Amritsar,3/28/2024,112.36,210.37,235,Poor,,,,,,,,,,
Amritsar,3/29/2024,148.9,272.45,315,Very Poor,,,,,,,,,,
Amritsar,3/30/2024,177.53,303.42,335,Very Poor,,,,,,,,,,
Amritsar,3/31/2024,101.19,188.85,298,Poor,,,,,,,,,,
Amritsar,4/1/2024,100.84,199.13,233,Poor,,,,,,,,,,
Amritsar,4/2/2024,133.75,254.85,283,Poor,,,,,,,,,,
Amritsar,4/3/2024,158.06,285.43,321,Very Poor,,,,,,,,,,
Amritsar,4/4/2024,161.69,291.36,331,Very Poor,,,,,,,,,,
Amritsar,4/5/2024,149.97,260.76,331,Very Poor,,,,,,,,,,
Amritsar,4/6/2024,87.04,179.58,232,Poor,,,,,,,,,,
Amritsar,4/7/2024,,,212,Poor,,,,,,,,,,
Amritsar,4/16/2024,103.52,189.41,237,Poor,,,,,,,,,,
Amritsar,4/17/2024,124.02,195.9,310,Very Poor,,,,,,,,,,
Amritsar,4/18/2024,66.92,138.18,170,Moderate,,,,,,,,,,
Amritsar,4/19/2024,77.72,158.17,152,Moderate,,,,,,,,,,
Amritsar,4/20/2024,77.71,151.64,144,Moderate,,,,,,,,,,
Amritsar,4/21/2024,73.58,146.1,165,Moderate,,,,,,,,,,
Amritsar,4/22/2024,61.57,131.82,126,Moderate,,,,,,,,,,
Amritsar,4/23/2024,70.31,154.81,129,Moderate,,,,,,,,,,
Amritsar,4/24/2024,74.04,163.69,149,Moderate,,,,,,,,,,
Amritsar,4/25/2024,58.91,131.93,125,Moderate,,,,,,,,,,
Amritsar,4/26/2024,58.9,110.95,123,Moderate,,,,,,,,,,
Amritsar,4/27/2024,26.86,59.87,115,Moderate,,,,,,,,,,
Amritsar,4/28/2024,62.55,122.25,127,Moderate,,,,,,,,,,
Amritsar,4/29/2024,57.51,120.69,118,Moderate,,,,,,,,,,
Amritsar,4/30/2024,70.09,160.56,132,Moderate,,,,,,,,,,
Amritsar,5/1/2024,53.67,114.13,124,Moderate,,,,,,,,,,
Amritsar,5/2/2024,45.61,101.86,127,Moderate,,,,,,,,,,
Amritsar,5/3/2024,61.12,131.87,142,Moderate,,,,,,,,,,
Amritsar,5/4/2024,56.96,135.69,150,Moderate,,,,,,,,,,
Amritsar,5/5/2024,44.39,114.54,159,Moderate,,,,,,,,,,
Amritsar,5/6/2024,31.79,96.3,149,Moderate,,,,,,,,,,
Amritsar,5/7/2024,55.78,138.44,168,Moderate,,,,,,,,,,
Amritsar,5/8/2024,50.4,131.72,165,Moderate,,,,,,,,,,
Amritsar,5/9/2024,58.71,147.2,152,Moderate,,,,,,,,,,
Amritsar,5/10/2024,48.6,136.91,130,Moderate,,,,,,,,,,
Amritsar,5/11/2024,59.76,157.27,130,Moderate,,,,,,,,,,
Amritsar,5/12/2024,67.11,160.02,141,Moderate,,,,,,,,,,
Amritsar,5/13/2024,69.65,162.02,138,Moderate,,,,,,,,,,
Amritsar,5/14/2024,67.14,166.85,145,Moderate,,,,,,,,,,
Amritsar,5/15/2024,58.38,177.22,147,Moderate,,,,,,,,,,
Amritsar,5/16/2024,48.16,87.04,123,Moderate,,,,,,,,,,
Amritsar,5/17/2024,16.26,52.61,66,Satisfactory,,,,,,,,,,
Amritsar,5/18/2024,15.91,50.34,58,Satisfactory,,,,,,,,,,
Amritsar,5/19/2024,31.96,94.51,77,Satisfactory,,,,,,,,,,
Amritsar,5/20/2024,68.32,181.17,129,Moderate,,,,,,,,,,
Amritsar,5/21/2024,41.54,135.18,137,Moderate,,,,,,,,,,
Amritsar,5/22/2024,53.44,159.72,133,Moderate,,,,,,,,,,
Amritsar,5/23/2024,52.41,166.21,139,Moderate,,,,,,,,,,
Amritsar,5/24/2024,69.46,205.16,162,Moderate,,,,,,,,,,
Amritsar,5/25/2024,54.32,166.52,154,Moderate,,,,,,,,,,
Amritsar,5/26/2024,43.14,122.51,124,Moderate,,,,,,,,,,
Amritsar,5/27/2024,52.39,143.82,123,Moderate,,,,,,,,,,
Amritsar,5/28/2024,29.75,89.22,114,Moderate,,,,,,,,,,
Amritsar,5/29/2024,,,85,Satisfactory,,,,,,,,,,
Amritsar,5/31/2024,58.6,153.78,119,Moderate,,,,,,,,,,
Amritsar,6/1/2024,57.97,149.22,133,Moderate,,,,,,,,,,
Amritsar,6/2/2024,46.84,128.01,132,Moderate,,,,,,,,,,
Amritsar,6/3/2024,16.77,58.27,79,Satisfactory,,,,,,,,,,
Amritsar,6/4/2024,25.72,77.3,73,Satisfactory,,,,,,,,,,
Amritsar,6/5/2024,19.79,57.47,64,Satisfactory,,,,,,,,,,
Amritsar,6/6/2024,31.52,77.37,69,Satisfactory,,,,,,,,,,
Amritsar,6/7/2024,47.8,85.78,73,Satisfactory,,,,,,,,,,
Amritsar,6/8/2024,58.97,153.53,133,Moderate,,,,,,,,,,
Amritsar,6/9/2024,51.79,140.04,132,Moderate,,,,,,,,,,
Amritsar,6/10/2024,29.06,104.61,112,Moderate,,,,,,,,,,
Amritsar,6/11/2024,28.63,90.7,91,Satisfactory,,,,,,,,,,
Amritsar,6/12/2024,42.29,129.74,110,Moderate,,,,,,,,,,
Amritsar,6/13/2024,48.66,155.13,128,Moderate,,,,,,,,,,
Amritsar,6/14/2024,54.53,157.09,140,Moderate,,,,,,,,,,
Amritsar,6/15/2024,40.21,138.73,125,Moderate,,,,,,,,,,
Amritsar,6/16/2024,27.42,104.51,119,Moderate,,,,,,,,,,
Amritsar,6/17/2024,20.92,81.28,88,Satisfactory,,,,,,,,,,
Amritsar,6/18/2024,30.1,96.19,93,Satisfactory,,,,,,,,,,
Amritsar,6/19/2024,43.88,137.19,112,Moderate,,,,,,,,,,
Amritsar,6/20/2024,44.86,144.69,138,Moderate,,,,,,,,,,
Amritsar,6/21/2024,56.47,158.03,124,Moderate,,,,,,,,,,
Amritsar,6/22/2024,20.96,75.37,106,Moderate,,,,,,,,,,
Amritsar,6/23/2024,15.44,57.58,72,Satisfactory,,,,,,,,,,
Amritsar,7/8/2024,46.28,131.27,126,Moderate,,,,,,,,,,
Amritsar,7/9/2024,34.09,105.54,110,Moderate,,,,,,,,,,
Amritsar,7/10/2024,42.13,124.71,112,Moderate,,,,,,,,,,
Amritsar,7/11/2024,28.51,138.44,138,Moderate,,,,,,,,,,
Amritsar,7/12/2024,34.87,97.24,96,Satisfactory,,,,,,,,,,
Amritsar,7/13/2024,18.64,55.1,77,Satisfactory,,,,,,,,,,
Amritsar,7/14/2024,28.11,65.25,72,Satisfactory,,,,,,,,,,
Amritsar,7/15/2024,42.29,99.54,83,Satisfactory,,,,,,,,,,
Amritsar,7/16/2024,52.59,129.54,107,Moderate,,,,,,,,,,
Amritsar,7/17/2024,55.56,140.47,128,Moderate,,,,,,,,,,
Amritsar,7/18/2024,33.87,119.64,122,Moderate,,,,,,,,,,
Amritsar,7/19/2024,22.94,70.01,99,Satisfactory,,,,,,,,,,
Amritsar,7/20/2024,35.71,100.19,85,Satisfactory,,,,,,,,,,
Amritsar,7/21/2024,43,134.69,117,Moderate,,,,,,,,,,
Amritsar,7/22/2024,17.8,63.32,94,Satisfactory,,,,,,,,,,
Amritsar,7/23/2024,21.1,77.96,66,Satisfactory,,,,,,,,,,
Amritsar,7/24/2024,23.62,80.1,78,Satisfactory,,,,,,,,,,
Amritsar,7/25/2024,29.8,98.84,94,Satisfactory,,,,,,,,,,
Amritsar,7/26/2024,60.36,161.24,119,Moderate,,,,,,,,,,
Amritsar,7/27/2024,69.33,167.05,148,Moderate,,,,,,,,,,
Amritsar,7/28/2024,43.85,109.9,119,Moderate,,,,,,,,,,
Amritsar,7/29/2024,81.81,203.55,138,Moderate,,,,,,,,,,
Amritsar,7/30/2024,71.4,148.06,156,Moderate,,,,,,,,,,
Amritsar,7/31/2024,61.67,148.89,136,Moderate,,,,,,,,,,
Amritsar,8/1/2024,64.92,178.5,149,Moderate,,,,,,,,,,
Amritsar,8/2/2024,77.06,201.95,157,Moderate,,,,,,,,,,
Amritsar,8/3/2024,60.54,188.97,161,Moderate,,,,,,,,,,
Amritsar,8/4/2024,37.37,83.42,120,Moderate,,,,,,,,,,
Amritsar,8/5/2024,46.96,117.05,104,Moderate,,,,,,,,,,
Amritsar,8/6/2024,60.38,157.78,123,Moderate,,,,,,,,,,
Amritsar,8/7/2024,43.89,121.76,131,Moderate,,,,,,,,,,
Amritsar,8/8/2024,26.75,83.47,95,Satisfactory,,,,,,,,,,
Amritsar,8/9/2024,31.61,81.6,82,Satisfactory,,,,,,,,,,
Amritsar,8/10/2024,58.47,118.73,100,Satisfactory,,,,,,,,,,
Amritsar,8/11/2024,99.65,169.11,178,Moderate,,,,,,,,,,
Amritsar,8/12/2024,108.04,198.34,252,Poor,,,,,,,,,,
Amritsar,8/13/2024,118.6,206.81,273,Poor,,,,,,,,,,
Amritsar,8/14/2024,41.29,89.89,153,Moderate,,,,,,,,,,
Amritsar,8/15/2024,51.48,113.43,102,Moderate,,,,,,,,,,
Amritsar,8/16/2024,75.55,148.68,128,Moderate,,,,,,,,,,
Amritsar,8/17/2024,56.32,136.55,127,Moderate,,,,,,,,,,
Amritsar,8/18/2024,92.14,196.87,167,Moderate,,,,,,,,,,
Amritsar,8/19/2024,84.74,196.78,206,Poor,,,,,,,,,,
Amritsar,8/20/2024,72.32,163.27,149,Moderate,,,,,,,,,,
Amritsar,8/21/2024,67.71,106.21,131,Moderate,,,,,,,,,,
Amritsar,8/22/2024,74.3,134.46,127,Moderate,,,,,,,,,,
Amritsar,8/23/2024,104.43,152.02,252,Poor,,,,,,,,,,
Amritsar,8/24/2024,52.81,112.14,134,Moderate,,,,,,,,,,
Amritsar,8/25/2024,51.88,100.81,102,Moderate,,,,,,,,,,
Amritsar,8/26/2024,62.72,124.43,114,Moderate,,,,,,,,,,
Amritsar,8/27/2024,74.08,126.26,132,Moderate,,,,,,,,,,
Amritsar,8/28/2024,72.53,138.75,134,Moderate,,,,,,,,,,
Amritsar,8/29/2024,108.07,76.5,225,Poor,,,,,,,,,,
Amritsar,8/30/2024,74.32,61.18,196,Moderate,,,,,,,,,,
Amritsar,8/31/2024,66.86,67.01,113,Moderate,,,,,,,,,,
Amritsar,9/1/2024,75.49,327.61,130,Moderate,,,,,,,,,,
Amritsar,9/2/2024,99.15,331.54,254,Poor,,,,,,,,,,
Amritsar,9/3/2024,48.66,179.33,200,Moderate,,,,,,,,,,
Amritsar,9/4/2024,67.25,199.98,164,Moderate,,,,,,,,,,
Amritsar,9/5/2024,61.84,194.06,174,Moderate,,,,,,,,,,
Amritsar,9/6/2024,59.22,208.58,164,Moderate,,,,,,,,,,
Amritsar,9/7/2024,,,170,Moderate,,,,,,,,,,
Amritsar,9/9/2024,54.7,175.81,148,Moderate,,,,,,,,,,
Amritsar,9/10/2024,29.87,135.11,133,Moderate,,,,,,,,,,
Amritsar,9/11/2024,50.25,148.66,128,Moderate,,,,,,,,,,
Amritsar,9/12/2024,51.72,175.01,135,Moderate,,,,,,,,,,
Amritsar,9/14/2024,83.88,340.65,221,Poor,,,,,,,,,,
Amritsar,9/15/2024,194.84,917.08,732,Severe,,,,,,,,,,
Amritsar,9/16/2024,262.84,802.87,869,Severe,,,,,,,,,,
Amritsar,9/17/2024,145.95,401.62,695,Severe,,,,,,,,,,
Amritsar,9/18/2024,49.36,215.18,222,Poor,,,,,,,,,,
Amritsar,9/19/2024,41.53,183.02,158,Moderate,,,,,,,,,,
Amritsar,9/20/2024,39.78,171.73,154,Moderate,,,,,,,,,,
Amritsar,9/21/2024,44.05,152.49,143,Moderate,,,,,,,,,,
Amritsar,9/22/2024,33.94,120.27,121,Moderate,,,,,,,,,,
Amritsar,9/23/2024,40.94,150.34,126,Moderate,,,,,,,,,,
Amritsar,9/24/2024,32.02,154.91,145,Moderate,,,,,,,,,,
Amritsar,9/25/2024,41.94,120.52,113,Moderate,,,,,,,,,,
Amritsar,9/26/2024,45.02,174.24,113,Moderate,,,,,,,,,,
Amritsar,9/27/2024,49.85,229.22,189,Moderate,,,,,,,,,,
Amritsar,9/28/2024,30.38,85.39,110,Moderate,,,,,,,,,,
Amritsar,9/29/2024,21.99,46.12,86,Satisfactory,,,,,,,,,,
Amritsar,9/30/2024,14.6,40.21,47,Good,,,,,,,,,,
Amritsar,10/1/2024,26.32,72.24,50,Good,,,,,,,,,,
Amritsar,10/2/2024,39.38,89.71,94,Satisfactory,,,,,,,,,,
Amritsar,10/3/2024,42.91,96.36,96,Satisfactory,,,,,,,,,,
Amritsar,10/4/2024,29.81,42.27,59,Satisfactory,,,,,,,,,,
Amritsar,10/5/2024,57.48,49.28,83,Satisfactory,,,,,,,,,,
Amritsar,10/6/2024,35.43,75.99,71,Satisfactory,,,,,,,,,,
Amritsar,10/7/2024,57.96,119.11,101,Moderate,,,,,,,,,,
Amritsar,10/8/2024,51.58,109.11,107,Moderate,,,,,,,,,,
Amritsar,10/9/2024,41.99,92.76,95,Satisfactory,,,,,,,,,,
Amritsar,10/10/2024,43.36,87.53,93,Satisfactory,,,,,,,,,,
Amritsar,10/11/2024,52.64,68.71,88,Satisfactory,,,,,,,,,,
Amritsar,10/12/2024,28.48,46.52,81,Satisfactory,,,,,,,,,,
Amritsar,10/13/2024,36.03,55.76,50,Good,,,,,,,,,,
Amritsar,10/14/2024,16.45,33.03,60,Satisfactory,,,,,,,,,,
Amritsar,10/17/2024,28.43,47.3,49,Good,,,,,,,,,,
Amritsar,10/18/2024,22.09,41.49,49,Good,,,,,,,,,,
Amritsar,10/19/2024,24.9,53.83,55,Satisfactory,,,,,,,,,,
Amritsar,10/21/2024,26.85,65.56,67,Satisfactory,,,,,,,,,,
Amritsar,10/22/2024,27.89,60.21,64,Satisfactory,,,,,,,,,,
Amritsar,10/23/2024,25.89,27.13,54,Satisfactory,,,,,,,,,,
Amritsar,10/24/2024,23.24,40.44,50,Good,,,,,,,,,,
Amritsar,10/25/2024,24.15,48.14,74,Satisfactory,,,,,,,,,,
Amritsar,10/26/2024,28.38,51.05,54,Satisfactory,,,,,,,,,,
Amritsar,10/27/2024,14.82,31.86,50,Good,,,,,,,,,,
Amritsar,10/29/2024,,28.23,25,Good,,,,,,,,,,
Amritsar,10/30/2024,,38.77,46,Good,,,,,,,,,,
Amritsar,10/31/2024,,49.86,68,Satisfactory,,,,,,,,,,
Amritsar,11/1/2024,,59.9,59,Satisfactory,,,,,,,,,,
Amritsar,11/2/2024,,63.84,71,Satisfactory,,,,,,,,,,
Amritsar,11/3/2024,,61.34,62,Satisfactory,,,,,,,,,,
Amritsar,11/4/2024,,147.2,67,Satisfactory,,,,,,,,,,
Amritsar,11/5/2024,,127.95,126,Moderate,,,,,,,,,,
Amritsar,11/6/2024,,83.64,100,Satisfactory,,,,,,,,,,
Amritsar,11/7/2024,,47.79,66,Satisfactory,,,,,,,,,,
Amritsar,11/8/2024,,19.9,39,Good,,,,,,,,,,
Amritsar,11/9/2024,,18.23,37,Good,,,,,,,,,,
Amritsar,11/10/2024,,19.99,40,Good,,,,,,,,,,
Amritsar,11/11/2024,,38.43,42,Good,,,,,,,,,,
Amritsar,11/12/2024,,38.21,42,Good,,,,,,,,,,
Amritsar,11/13/2024,,65.08,43,Good,,,,,,,,,,
Amritsar,11/14/2024,,47.75,64,Satisfactory,,,,,,,,,,
Amritsar,11/15/2024,,35.59,44,Good,,,,,,,,,,
Amritsar,11/19/2024,,28.55,64,Satisfactory,,,,,,,,,,
Amritsar,11/20/2024,,24.03,40,Good,,,,,,,,,,
Amritsar,11/21/2024,,39.04,61,Satisfactory,,,,,,,,,,
Amritsar,11/22/2024,19.92,37.9,42,Good,,,,,,,,,,
Amritsar,11/24/2024,,30.87,40,Good,,,,,,,,,,
Amritsar,11/25/2024,,47.04,39,Good,,,,,,,,,,
Amritsar,11/30/2024,,99.16,98,Satisfactory,,,,,,,,,,
Amritsar,12/1/2024,,73.84,86,Satisfactory,,,,,,,,,,
Amritsar,12/2/2024,,86.23,72,Satisfactory,,,,,,,,,,
Amritsar,12/3/2024,,74.16,78,Satisfactory,,,,,,,,,,
Amritsar,12/6/2024,,39.17,39,Good,,,,,,,,,,
Amritsar,12/7/2024,,64.29,53,Satisfactory,,,,,,,,,,
Amritsar,12/8/2024,,82.86,70,Satisfactory,,,,,,,,,,
Amritsar,12/9/2024,,56.13,72,Satisfactory,,,,,,,,,,
Amritsar,12/10/2024,,24.89,40,Good,,,,,,,,,,
Amritsar,12/11/2024,,34.62,33,Good,,,,,,,,,,
Amritsar,12/12/2024,,43.28,36,Good,,,,,,,,,,
Amritsar,12/13/2024,,42.87,45,Good,,,,,,,,,,
Amritsar,12/14/2024,,47.01,46,Good,,,,,,,,,,
Amritsar,12/15/2024,,84.37,56,Satisfactory,,,,,,,,,,
Amritsar,12/16/2024,,44.41,77,Satisfactory,,,,,,,,,,
Amritsar,12/17/2024,,36.96,38,Good,,,,,,,,,,
Amritsar,12/18/2024,,41.76,39,Good,,,,,,,,,,
Amritsar,12/19/2024,,56.83,48,Good,,,,,,,,,,
Amritsar,12/20/2024,,67.86,63,Satisfactory,,,,,,,,,,
Amritsar,12/21/2024,,81.95,76,Satisfactory,,,,,,,,,,
Amritsar,12/22/2024,,88.29,84,Satisfactory,,,,,,,,,,
Amritsar,12/23/2024,,73.77,86,Satisfactory,,,,,,,,,,
Amritsar,12/24/2024,,33.3,52,Satisfactory,,,,,,,,,,
Amritsar,12/25/2024,,10.81,32,Good,,,,,,,,,,
Amritsar,12/26/2024,,17.01,22,Good,,,,,,,,,,
Amritsar,12/27/2024,,27.65,20,Good,,,,,,,,,,
Amritsar,12/28/2024,,84.37,56,Satisfactory,,,,,,,,,,
Amritsar,12/29/2024,,93.59,91,Satisfactory,,,,,,,,,,
Amritsar,12/30/2024,,94.38,94,Satisfactory,,,,,,,,,,
Amritsar,12/31/2024,,43.79,67,Satisfactory,,,,,,,,,,
Amritsar,1/1/2025,,84.29,68,Satisfactory,,,,,,,,,,
Amritsar,1/2/2025,,119.97,100,Satisfactory,,,,,,,,,,
Amritsar,1/3/2025,,130.41,119,Moderate,,,,,,,,,,
Amritsar,1/4/2025,,134.54,122,Moderate,,,,,,,,,,
Amritsar,1/5/2025,,79.33,104,Moderate,,,,,,,,,,
Amritsar,1/6/2025,,65.32,78,Satisfactory,,,,,,,,,,
Amritsar,1/7/2025,,95.99,83,Satisfactory,,,,,,,,,,
Amritsar,1/8/2025,,194.56,133,Moderate,,,,,,,,,,
Amritsar,1/9/2025,,154.77,157,Moderate,,,,,,,,,,
Amritsar,1/10/2025,,87.81,106,Moderate,,,,,,,,,,
Amritsar,1/11/2025,,132.12,93,Satisfactory,,,,,,,,,,
Amritsar,1/12/2025,,152.34,146,Moderate,,,,,,,,,,
Amritsar,1/13/2025,,152.55,129,Moderate,,,,,,,,,,
Amritsar,1/14/2025,,211.81,150,Moderate,,,,,,,,,,
Amritsar,1/15/2025,,271.06,209,Poor,,,,,,,,,,
Amritsar,1/16/2025,,228.06,203,Poor,,,,,,,,,,
Amritsar,1/17/2025,,125.47,145,Moderate,,,,,,,,,,
Amritsar,1/18/2025,,121.94,106,Moderate,,,,,,,,,,
Amritsar,1/19/2025,,106.02,118,Moderate,,,,,,,,,,
Amritsar,1/20/2025,,112.9,106,Moderate,,,,,,,,,,
Amritsar,1/21/2025,,85.78,96,Satisfactory,,,,,,,,,,
Amritsar,1/22/2025,41.99,143.94,115,Moderate,,,,,,,,,,
Amritsar,1/23/2025,59.95,182.15,145,Moderate,,,,,,,,,,
Amritsar,1/24/2025,48.96,144.84,137,Moderate,,,,,,,,,,
Amritsar,1/25/2025,61.79,184.57,152,Moderate,,,,,,,,,,
Amritsar,1/26/2025,37.17,106.31,119,Moderate,,,,,,,,,,
Amritsar,1/27/2025,42.12,120.38,107,Moderate,,,,,,,,,,
Amritsar,1/28/2025,48.55,138.69,124,Moderate,,,,,,,,,,
Amritsar,1/29/2025,45.78,130.79,122,Moderate,,,,,,,,,,
Amritsar,1/30/2025,57.31,175.25,138,Moderate,,,,,,,,,,
Amritsar,1/31/2025,57.94,171.82,144,Moderate,,,,,,,,,,
Amritsar,2/1/2025,49.3,143.96,140,Moderate,,,,,,,,,,
Amritsar,2/2/2025,116.63,306.18,251,Poor,,,,,,,,,,
Amritsar,2/3/2025,33.74,87.84,137,Moderate,,,,,,,,,,
Amritsar,2/4/2025,48.76,139.29,112,Moderate,,,,,,,,,,
Amritsar,2/5/2025,27.22,102.81,124,Moderate,,,,,,,,,,
Amritsar,2/7/2025,31.86,90.9,74,Satisfactory,,,,,,,,,,
Amritsar,2/8/2025,73.92,213.3,146,Moderate,,,,,,,,,,
Amritsar,2/9/2025,96.85,215.67,237,Poor,,,,,,,,,,
Amritsar,2/10/2025,60.41,112.53,124,Moderate,,,,,,,,,,
Amritsar,2/11/2025,54.89,157.76,114,Moderate,,,,,,,,,,
Amritsar,2/12/2025,62.42,178.25,158,Moderate,,,,,,,,,,
Amritsar,2/13/2025,33.74,96.43,120,Moderate,,,,,,,,,,
Amritsar,2/14/2025,45.16,129.04,101,Moderate,,,,,,,,,,
Amritsar,2/15/2025,42.61,121.76,129,Moderate,,,,,,,,,,
Amritsar,2/17/2025,49.87,142.45,115,Moderate,,,,,,,,,,
Amritsar,2/18/2025,71.74,205.11,156,Moderate,,,,,,,,,,
Amritsar,2/19/2025,54.93,152.6,158,Moderate,,,,,,,,,,
Amritsar,2/20/2025,48.16,128.53,117,Moderate,,,,,,,,,,
Amritsar,2/21/2025,52.3,139.23,125,Moderate,,,,,,,,,,
Amritsar,2/22/2025,93.43,147.22,140,Moderate,,,,,,,,,,
Amritsar,2/23/2025,112.18,162.8,306,Very Poor,,,,,,,,,,
Amritsar,2/24/2025,46.38,102.86,134,Moderate,,,,,,,,,,
Amritsar,2/25/2025,45.32,100.78,91,Satisfactory,,,,,,,,,,
Amritsar,2/26/2025,68.66,152.57,121,Moderate,,,,,,,,,,
Amritsar,2/27/2025,63.86,142.12,135,Moderate,,,,,,,,,,
Amritsar,2/28/2025,69.37,154.01,132,Moderate,,,,,,,,,,
Amritsar,3/1/2025,63.2,140.32,127,Moderate,,,,,,,,,,
Amritsar,3/2/2025,65.15,144.93,130,Moderate,,,,,,,,,,
Amritsar,3/3/2025,62.87,139.7,135,Moderate,,,,,,,,,,
Amritsar,3/4/2025,62.95,140.07,125,Moderate,,,,,,,,,,
Amritsar,3/5/2025,41.91,93.07,109,Moderate,,,,,,,,,,
Amritsar,3/6/2025,53.8,123.95,101,Moderate,,,,,,,,,,
Amritsar,3/7/2025,76.21,168.2,115,Moderate,,,,,,,,,,
Amritsar,3/8/2025,61.69,137.47,127,Moderate,,,,,,,,,,
Amritsar,3/9/2025,70.49,156.56,139,Moderate,,,,,,,,,,
Amritsar,3/10/2025,63.57,141.24,130,Moderate,,,,,,,,,,
Amritsar,3/11/2025,69.19,153.63,131,Moderate,,,,,,,,,,
Amritsar,3/12/2025,73.15,162.47,144,Moderate,,,,,,,,,,
Amritsar,3/13/2025,54.54,121.13,131,Moderate,,,,,,,,,,
Amritsar,3/14/2025,23.84,52.99,94,Satisfactory,,,,,,,,,,
Amritsar,3/15/2025,34.41,76.5,91,Satisfactory,,,,,,,,,,
Amritsar,3/16/2025,35.39,78.62,90,Satisfactory,,,,,,,,,,
Amritsar,3/17/2025,43.93,100.62,99,Satisfactory,,,,,,,,,,
Amritsar,3/18/2025,37.55,84.08,87,Satisfactory,,,,,,,,,,
Amritsar,3/19/2025,49.82,120.8,102,Moderate,,,,,,,,,,
Amritsar,3/20/2025,61.91,138.56,118,Moderate,,,,,,,,,,
Amritsar,3/21/2025,72.97,163.05,138,Moderate,,,,,,,,,,
Amritsar,3/22/2025,81.51,181.02,160,Moderate,,,,,,,,,,
Amritsar,3/23/2025,56.93,126.56,143,Moderate,,,,,,,,,,
Amritsar,3/24/2025,56.6,125.74,110,Moderate,,,,,,,,,,
Amritsar,3/25/2025,62.09,138.1,126,Moderate,,,,,,,,,,
Amritsar,3/26/2025,75.18,166.81,127,Moderate,,,,,,,,,,
Amritsar,3/27/2025,64.23,141.23,149,Moderate,,,,,,,,,,
Amritsar,3/28/2025,68.66,152.5,137,Moderate,,,,,,,,,,
Amritsar,3/29/2025,74.91,178.86,144,Moderate,,,,,,,,,,
Amritsar,3/30/2025,72.08,160.38,154,Moderate,,,,,,,,,,
Amritsar,3/31/2025,70.27,155.08,131,Moderate,,,,,,,,,,
Amritsar,4/1/2025,98.32,218.44,200,Moderate,,,,,,,,,,
Amritsar,4/2/2025,78.83,175,174,Moderate,,,,,,,,,,
Amritsar,4/3/2025,78.42,186.41,184,Moderate,,,,,,,,,,
Amritsar,4/4/2025,92.38,205.42,170,Moderate,,,,,,,,,,
Amritsar,4/5/2025,77.42,171.98,176,Moderate,,,,,,,,,,
Amritsar,4/6/2025,45.44,100.89,131,Moderate,,,,,,,,,,
Amritsar,4/7/2025,34.45,76.48,81,Satisfactory,,,,,,,,,,
Amritsar,4/8/2025,28.29,62.82,77,Satisfactory,,,,,,,,,,
Amritsar,4/9/2025,14.54,32.35,70,Satisfactory,,,,,,,,,,
Amritsar,4/10/2025,24.39,55.75,69,Satisfactory,,,,,,,,,,
Amritsar,4/11/2025,27.89,61.97,64,Satisfactory,,,,,,,,,,
Amritsar,4/12/2025,37.34,88.8,75,Satisfactory,,,,,,,,,,
Amritsar,4/13/2025,45.99,102.22,98,Satisfactory,,,,,,,,,,
Amritsar,4/14/2025,69.5,159.89,101,Moderate,,,,,,,,,,
Amritsar,4/15/2025,52.22,115.98,118,Moderate,,,,,,,,,,
Amritsar,4/16/2025,27.56,61.73,83,Satisfactory,,,,,,,,,,
Amritsar,4/17/2025,28.1,73.28,80,Satisfactory,,,,,,,,,,
Amritsar,4/18/2025,47.88,114.7,73,Satisfactory,,,,,,,,,,
Amritsar,4/19/2025,70.18,163.27,133,Moderate,,,,,,,,,,
Amritsar,4/20/2025,64.8,148.01,135,Moderate,,,,,,,,,,
Amritsar,4/21/2025,34.37,82.02,131,Moderate,,,,,,,,,,
Amritsar,4/22/2025,2.85,11.43,56,Satisfactory,,,,,,,,,,
Amritsar,4/23/2025,15.53,54.85,54,Satisfactory,,,,,,,,,,
Amritsar,4/24/2025,14.88,35.71,50,Good,,,,,,,,,,
Amritsar,4/25/2025,9.17,25.17,48,Good,,,,,,,,,,
Amritsar,4/26/2025,10.42,29.31,42,Good,,,,,,,,,,
Amritsar,4/28/2025,73.78,119.03,142,Moderate,,,,,,,,,,
Amritsar,4/29/2025,44.72,98.2,122,Moderate,,,,,,,,,,
Amritsar,4/30/2025,34.14,73.32,76,Satisfactory,,,,,,,,,,
Amritsar,5/1/2025,58.49,104.54,90,Satisfactory,,,,,,,,,,
Amritsar,5/2/2025,56.89,94.19,98,Satisfactory,,,,,,,,,,
Amritsar,5/3/2025,70.78,114.9,113,Moderate,,,,,,,,,,
Amritsar,5/4/2025,33.66,52.12,83,Satisfactory,,,,,,,,,,
Amritsar,5/5/2025,34.5,50.39,58,Satisfactory,,,,,,,,,,
Amritsar,5/6/2025,40.16,68.34,62,Satisfactory,,,,,,,,,,
Amritsar,5/7/2025,47.96,88.1,84,Satisfactory,,,,,,,,,,
Amritsar,5/8/2025,67.94,156.16,113,Moderate,,,,,,,,,,
Amritsar,5/9/2025,48.54,154.64,146,Moderate,,,,,,,,,,
Amritsar,5/10/2025,82.06,113.3,154,Moderate,,,,,,,,,,
Amritsar,5/11/2025,45.96,60.92,98,Satisfactory,,,,,,,,,,
Amritsar,5/12/2025,30.86,53.32,71,Satisfactory,,,,,,,,,,
Amritsar,5/13/2025,36.56,73.1,59,Satisfactory,,,,,,,,,,
Amritsar,5/14/2025,72.25,152.76,126,Moderate,,,,,,,,,,
Amritsar,5/15/2025,41.63,133.64,132,Moderate,,,,,,,,,,
Amritsar,5/16/2025,72.66,138.2,121,Moderate,,,,,,,,,,
Amritsar,5/17/2025,77.14,132.69,164,Moderate,,,,,,,,,,
Amritsar,5/18/2025,47.29,84.07,119,Moderate,,,,,,,,,,
Amritsar,5/19/2025,16.68,45.69,51,Satisfactory,,,,,,,,,,
Amritsar,5/20/2025,34.55,73.44,62,Satisfactory,,,,,,,,,,
Amritsar,5/21/2025,61.25,130.3,99,Satisfactory,,,,,,,,,,
Amritsar,5/22/2025,21.95,46.79,85,Satisfactory,,,,,,,,,,
Amritsar,5/23/2025,25.43,54.23,44,Good,,,,,,,,,,
Amritsar,5/24/2025,36.81,81.97,79,Satisfactory,,,,,,,,,,
Amritsar,5/25/2025,44.38,41.67,60,Satisfactory,,,,,,,,,,
Amritsar,5/26/2025,41.11,64.08,92,Satisfactory,,,,,,,,,,
Amritsar,5/27/2025,40.75,90.57,78,Satisfactory,,,,,,,,,,
Amritsar,5/28/2025,63.67,141.48,120,Moderate,,,,,,,,,,
Amritsar,5/29/2025,63.92,144.54,128,Moderate,,,,,,,,,,
Amritsar,5/30/2025,36.2,75.43,96,Satisfactory,,,,,,,,,,
Amritsar,5/31/2025,35.6,79.37,74,Satisfactory,,,,,,,,,,
Amritsar,6/1/2025,37.12,80.11,82,Satisfactory,,,,,,,,,,
Amritsar,6/2/2025,57.28,122.07,109,Moderate,,,,,,,,,,
Amritsar,6/3/2025,19.68,52.76,76,Satisfactory,,,,,,,,,,
Amritsar,6/4/2025,19.43,42.71,46,Good,,,,,,,,,,
Amritsar,6/5/2025,23.77,56.26,48,Good,,,,,,,,,,
Amritsar,6/7/2025,46.13,113.27,111,Moderate,,,,,,,,,,
Amritsar,6/8/2025,74.7,125.2,135,Moderate,,,,,,,,,,
Amritsar,6/9/2025,44.85,82.82,96,Satisfactory,,,,,,,,,,
Amritsar,6/10/2025,37.6,67.05,77,Satisfactory,,,,,,,,,,
Amritsar,6/11/2025,67.44,106.6,99,Satisfactory,,,,,,,,,,
Amritsar,6/12/2025,37.63,63.42,85,Satisfactory,,,,,,,,,,
Amritsar,6/13/2025,37.63,77.26,60,Satisfactory,,,,,,,,,,
Amritsar,6/14/2025,69.9,115.62,114,Moderate,,,,,,,,,,
Amritsar,6/15/2025,49.28,78.65,106,Moderate,,,,,,,,,,
Amritsar,6/16/2025,43.24,71.85,74,Satisfactory,,,,,,,,,,
Amritsar,6/17/2025,43.63,68.04,71,Satisfactory,,,,,,,,,,
Amritsar,6/18/2025,74.37,112.38,119,Moderate,,,,,,,,,,
Amritsar,6/19/2025,70.64,116.4,136,Moderate,,,,,,,,,,
Amritsar,6/20/2025,71.22,113.04,142,Moderate,,,,,,,,,,
Amritsar,6/21/2025,30.74,55.69,86,Satisfactory,,,,,,,,,,
Amritsar,6/22/2025,40.85,59.79,61,Satisfactory,,,,,,,,,,
Amritsar,6/23/2025,36.84,66.44,69,Satisfactory,,,,,,,,,,
Amritsar,6/24/2025,54.1,82.51,82,Satisfactory,,,,,,,,,,
Amritsar,6/25/2025,43.03,66.96,71,Satisfactory,,,,,,,,,,
Amritsar,6/26/2025,52.6,85.3,89,Satisfactory,,,,,,,,,,
Amritsar,6/27/2025,66.24,97.35,95,Satisfactory,,,,,,,,,,
Amritsar,6/28/2025,88.86,143.79,148,Moderate,,,,,,,,,,
Amritsar,6/29/2025,86.36,127.89,230,Poor,,,,,,,,,,
Amritsar,6/30/2025,73.09,113.95,139,Moderate,,,,,,,,,,
Amritsar,7/1/2025,60.48,106.94,135,Moderate,,,,,,,,,,
Amritsar,7/2/2025,28.25,67.71,83,Satisfactory,,,,,,,,,,
Amritsar,7/3/2025,43.8,95.73,87,Satisfactory,,,,,,,,,,
Amritsar,7/4/2025,71.36,120.11,118,Moderate,,,,,,,,,,
Amritsar,7/5/2025,54.24,94.69,139,Moderate,,,,,,,,,,
Amritsar,7/6/2025,66.98,111.23,110,Moderate,,,,,,,,,,
Amritsar,7/7/2025,84.64,139.75,167,Moderate,,,,,,,,,,
Amritsar,7/8/2025,92.19,167.42,182,Moderate,,,,,,,,,,
Amritsar,7/9/2025,28.98,72.15,122,Moderate,,,,,,,,,,
Amritsar,7/10/2025,34.9,94.52,90,Satisfactory,,,,,,,,,,
Amritsar,7/11/2025,70.98,129.01,122,Moderate,,,,,,,,,,
Amritsar,7/12/2025,53.72,112.19,114,Moderate,,,,,,,,,,
Amritsar,7/13/2025,53.68,81.89,97,Satisfactory,,,,,,,,,,
Amritsar,7/14/2025,35.58,83.38,89,Satisfactory,,,,,,,,,,
Amritsar,7/15/2025,33.04,85.15,78,Satisfactory,,,,,,,,,,
Amritsar,7/16/2025,43.46,90.03,93,Satisfactory,,,,,,,,,,
Amritsar,7/17/2025,49.03,122.91,111,Moderate,,,,,,,,,,
Amritsar,7/18/2025,38.2,105.68,126,Moderate,,,,,,,,,,
Amritsar,7/19/2025,30.8,54.33,65,Satisfactory,,,,,,,,,,
Amritsar,7/20/2025,31.83,60.62,58,Satisfactory,,,,,,,,,,
Amritsar,7/21/2025,43.3,81.48,87,Satisfactory,,,,,,,,,,
Amritsar,7/22/2025,47.63,96.05,101,Moderate,,,,,,,,,,
Amritsar,7/23/2025,64.79,125.99,124,Moderate,,,,,,,,,,
Amritsar,7/24/2025,79.94,147.5,158,Moderate,,,,,,,,,,
Amritsar,7/25/2025,62.45,130.58,129,Moderate,,,,,,,,,,
Amritsar,7/26/2025,35.46,150.77,149,Moderate,,,,,,,,,,
Amritsar,7/27/2025,36.93,76.91,91,Satisfactory,,,,,,,,,,
Amritsar,7/28/2025,38.07,79.67,82,Satisfactory,,,,,,,,,,
Amritsar,7/29/2025,60.35,110.87,93,Satisfactory,,,,,,,,,,
Amritsar,7/30/2025,61.59,151.49,125,Moderate,,,,,,,,,,
Amritsar,7/31/2025,58.58,131.1,129,Moderate,,,,,,,,,,
Amritsar,8/1/2025,47.27,135.19,124,Moderate,,,,,,,,,,
Amritsar,8/2/2025,43.45,95.71,106,Moderate,,,,,,,,,,
Amritsar,8/3/2025,38.35,110.64,109,Moderate,,,,,,,,,,
Amritsar,8/4/2025,30.74,80.8,97,Satisfactory,,,,,,,,,,
Amritsar,8/5/2025,43.75,100.92,97,Satisfactory,,,,,,,,,,
Amritsar,8/6/2025,74.98,145.44,114,Moderate,,,,,,,,,,
Amritsar,8/7/2025,59.63,118.65,147,Moderate,,,,,,,,,,
Amritsar,8/8/2025,65.93,129.11,119,Moderate,,,,,,,,,,
Amritsar,8/9/2025,54.21,110.82,120,Moderate,,,,,,,,,,
Amritsar,8/10/2025,84.41,144.68,147,Moderate,,,,,,,,,,
Amritsar,8/11/2025,97.06,176.04,198,Moderate,,,,,,,,,,
Amritsar,8/12/2025,93.87,135.68,244,Poor,,,,,,,,,,
Amritsar,8/13/2025,37.95,76.21,116,Moderate,,,,,,,,,,
Amritsar,8/14/2025,90.72,142.79,174,Moderate,,,,,,,,,,
Amritsar,8/15/2025,36.44,63.95,99,Satisfactory,,,,,,,,,,
Amritsar,8/16/2025,69.3,135.22,112,Moderate,,,,,,,,,,
Amritsar,8/17/2025,34.17,70.38,101,Moderate,,,,,,,,,,
Amritsar,8/18/2025,38.31,96.81,99,Satisfactory,,,,,,,,,,
Amritsar,8/19/2025,31.87,61.91,76,Satisfactory,,,,,,,,,,
Amritsar,8/20/2025,49.54,105.25,100,Satisfactory,,,,,,,,,,
Amritsar,8/21/2025,37.44,95.69,102,Moderate,,,,,,,,,,
Amritsar,8/22/2025,46.62,98.1,90,Satisfactory,,,,,,,,,,
Amritsar,8/23/2025,58.24,114.75,106,Moderate,,,,,,,,,,
Amritsar,8/24/2025,38.7,93.26,108,Moderate,,,,,,,,,,
Amritsar,8/25/2025,26.47,62.35,79,Satisfactory,,,,,,,,,,
Amritsar,8/26/2025,22.15,55.39,71,Satisfactory,,,,,,,,,,
Amritsar,8/27/2025,34.8,75.58,77,Satisfactory,,,,,,,,,,
Amritsar,8/28/2025,32.11,71.02,77,Satisfactory,,,,,,,,,,
Amritsar,8/29/2025,38.02,79.34,81,Satisfactory,,,,,,,,,,
Amritsar,8/30/2025,43.03,101.54,100,Satisfactory,,,,,,,,,,
Amritsar,8/31/2025,57.3,130.38,123,Moderate,,,,,,,,,,
Amritsar,9/1/2025,55.89,132.32,122,Moderate,,,,,,,,,,
Amritsar,9/2/2025,58.44,141.53,121,Moderate,,,,,,,,,,
Amritsar,9/3/2025,49.65,120.56,124,Moderate,,,,,,,,,,
Amritsar,9/4/2025,63.82,181.11,135,Moderate,,,,,,,,,,
Amritsar,9/5/2025,38.14,123.69,148,Moderate,,,,,,,,,,
Amritsar,9/6/2025,51.45,115.44,104,Moderate,,,,,,,,,,
Amritsar,9/7/2025,46.72,88.35,103,Moderate,,,,,,,,,,
Amritsar,9/8/2025,35.52,68.81,79,Satisfactory,,,,,,,,,,
Amritsar,9/9/2025,39.76,97.33,90,Satisfactory,,,,,,,,,,
Amritsar,9/10/2025,39.17,86.77,94,Satisfactory,,,,,,,,,,
Amritsar,9/11/2025,34.67,95.14,98,Satisfactory,,,,,,,,,,
Amritsar,9/12/2025,50.27,146.22,113,Moderate,,,,,,,,,,
Amritsar,9/13/2025,52.25,116.06,122,Moderate,,,,,,,,,,
Amritsar,9/14/2025,40.12,96.78,101,Moderate,,,,,,,,,,
Amritsar,9/15/2025,41.37,96.26,98,Satisfactory,,,,,,,,,,
Amritsar,9/16/2025,71.78,157.84,126,Moderate,,,,,,,,,,
Amritsar,9/17/2025,44.71,79.43,106,Moderate,,,,,,,,,,
Amritsar,9/18/2025,62.47,113.81,104,Moderate,,,,,,,,,,
Amritsar,9/19/2025,52.47,124.04,91,Satisfactory,,,,,,,,,,
Amritsar,9/20/2025,55.22,177.85,153,Moderate,,,,,,,,,,
Amritsar,9/21/2025,31.45,79.17,121,Moderate,,,,,,,,,,
Amritsar,9/22/2025,22.63,78.34,81,Satisfactory,,,,,,,,,,
Amritsar,9/23/2025,30.66,93.25,94,Satisfactory,,,,,,,,,,
Amritsar,9/24/2025,30.83,111.52,100,Satisfactory,,,,,,,,,,
Amritsar,9/25/2025,20.91,79.27,96,Satisfactory,,,,,,,,,,
Amritsar,9/26/2025,16.57,50.38,65,Satisfactory,,,,,,,,,,
Amritsar,9/27/2025,24.92,72.1,66,Satisfactory,,,,,,,,,,
Amritsar,9/28/2025,22.93,102.56,100,Satisfactory,,,,,,,,,,
Amritsar,9/29/2025,39.66,110.23,94,Satisfactory,,,,,,,,,,
Amritsar,9/30/2025,39.39,148.72,127,Moderate,,,,,,,,,,
Amritsar,10/1/2025,34.2,121.47,126,Moderate,,,,,,,,,,
Amritsar,10/2/2025,38.51,95.89,93,Satisfactory,,,,,,,,,,
Amritsar,10/3/2025,35.45,85.48,86,Satisfactory,,,,,,,,,,
Amritsar,10/4/2025,39.52,101.22,98,Satisfactory,,,,,,,,,,
Amritsar,10/5/2025,39.29,104.66,105,Moderate,,,,,,,,,,
Amritsar,10/6/2025,15.97,45.06,77,Satisfactory,,,,,,,,,,
Amritsar,10/7/2025,33.24,67.52,73,Satisfactory,,,,,,,,,,
Amritsar,10/8/2025,23.68,49.41,59,Satisfactory,,,,,,,,,,
Amritsar,10/9/2025,38.8,110.12,67,Satisfactory,,,,,,,,,,
Amritsar,10/10/2025,25.52,67.57,69,Satisfactory,,,,,,,,,,
Amritsar,10/11/2025,52.38,135.9,89,Satisfactory,,,,,,,,,,
Amritsar,10/12/2025,60.87,154.12,146,Moderate,,,,,,,,,,
Amritsar,10/13/2025,48.44,135.54,110,Moderate,,,,,,,,,,
Amritsar,10/14/2025,50.87,122.29,142,Moderate,,,,,,,,,,
Amritsar,10/15/2025,24.63,44.26,60,Satisfactory,,,,,,,,,,
Amritsar,10/16/2025,41.52,67.16,51,Satisfactory,,,,,,,,,,
Amritsar,10/17/2025,32.36,55.29,73,Satisfactory,,,,,,,,,,
Amritsar,10/18/2025,24.46,48.21,52,Satisfactory,,,,,,,,,,
Amritsar,10/19/2025,31.59,62.79,53,Satisfactory,,,,,,,,,,
Amritsar,10/20/2025,29.65,57.49,64,Satisfactory,,,,,,,,,,
Amritsar,10/21/2025,36.65,64.81,61,Satisfactory,,,,,,,,,,
Amritsar,10/22/2025,34.1,60.06,60,Satisfactory,,,,,,,,,,
Amritsar,10/23/2025,43.15,76.76,71,Satisfactory,,,,,,,,,,
Amritsar,10/24/2025,48.85,74.56,75,Satisfactory,,,,,,,,,,
Amritsar,10/25/2025,43.72,69.77,79,Satisfactory,,,,,,,,,,
Amritsar,10/26/2025,28.22,53,70,Satisfactory,,,,,,,,,,
Amritsar,10/27/2025,24.73,49.38,46,Good,,,,,,,,,,
Amritsar,10/28/2025,27.5,48.96,55,Satisfactory,,,,,,,,,,
Amritsar,10/29/2025,26.73,47.19,55,Satisfactory,,,,,,,,,,
Amritsar,10/30/2025,29.12,48.46,51,Satisfactory,,,,,,,,,,
Amritsar,10/31/2025,25.95,51.61,48,Good,,,,,,,,,,
Amritsar,11/1/2025,17.41,41.49,47,Good,,,,,,,,,,
Amritsar,11/2/2025,23.92,45.63,47,Good,,,,,,,,,,
Amritsar,11/3/2025,16.58,37.38,42,Good,,,,,,,,,,
Amritsar,11/4/2025,24.34,49.36,45,Good,,,,,,,,,,
Amritsar,11/5/2025,41.6,63.19,67,Satisfactory,,,,,,,,,,
Amritsar,11/6/2025,31.11,54.02,59,Satisfactory,,,,,,,,,,
Amritsar,11/7/2025,33.02,56.3,56,Satisfactory,,,,,,,,,,
Amritsar,11/8/2025,27.95,50.61,52,Satisfactory,,,,,,,,,,
Amritsar,11/9/2025,27.18,64.55,61,Satisfactory,,,,,,,,,,
Amritsar,11/10/2025,21.42,44.31,54,Satisfactory,,,,,,,,,,
Amritsar,11/11/2025,21.94,49.35,43,Good,,,,,,,,,,
Amritsar,11/12/2025,27.52,52.67,53,Satisfactory,,,,,,,,,,
Amritsar,11/13/2025,32.26,59.32,54,Satisfactory,,,,,,,,,,
Amritsar,11/14/2025,20.54,44.11,53,Satisfactory,,,,,,,,,,
Amritsar,11/15/2025,23.62,49.13,50,Good,,,,,,,,,,
Amritsar,11/16/2025,23.28,50.89,58,Satisfactory,,,,,,,,,,
Amritsar,11/17/2025,22.43,46.17,50,Good,,,,,,,,,,
Amritsar,11/18/2025,19.43,39.75,44,Good,,,,,,,,,,
Amritsar,11/19/2025,11.69,37.87,39,Good,,,,,,,,,,
Amritsar,11/20/2025,16.58,35.71,45,Good,,,,,,,,,,
Amritsar,11/21/2025,25.06,53.57,48,Good,,,,,,,,,,
Amritsar,11/22/2025,42.78,75.93,68,Satisfactory,,,,,,,,,,
Amritsar,11/23/2025,34.69,70.15,77,Satisfactory,,,,,,,,,,
Amritsar,11/24/2025,34.9,72.3,69,Satisfactory,,,,,,,,,,
Amritsar,11/25/2025,42.01,80.46,77,Satisfactory,,,,,,,,,,
Amritsar,11/26/2025,,,80,Satisfactory,,,,,,,,,,
Amritsar,11/28/2025,36.3,63.21,68,Satisfactory,,,,,,,,,,
Amritsar,11/29/2025,44.57,73.97,84,Satisfactory,,,,,,,,,,
Amritsar,11/30/2025,35.47,62.21,64,Satisfactory,,,,,,,,,,
Amritsar,12/1/2025,37.27,62.08,60,Satisfactory,,,,,,,,,,
Amritsar,12/2/2025,42.27,66.27,70,Satisfactory,,,,,,,,,,
Amritsar,12/3/2025,41.31,67.58,80,Satisfactory,,,,,,,,,,
Amritsar,12/4/2025,29.85,53.6,54,Satisfactory,,,,,,,,,,
Amritsar,12/5/2025,41.67,71.05,79,Satisfactory,,,,,,,,,,
Amritsar,12/6/2025,43.4,142.24,144,Moderate,,,,,,,,,,
Amritsar,12/7/2025,20.82,36.97,64,Satisfactory,,,,,,,,,,
Amritsar,12/8/2025,32.17,53.74,55,Satisfactory,,,,,,,,,,
Amritsar,12/9/2025,32.83,58.77,70,Satisfactory,,,,,,,,,,
Amritsar,12/10/2025,28.54,56.86,68,Satisfactory,,,,,,,,,,
Amritsar,12/11/2025,38.61,76.3,70,Satisfactory,,,,,,,,,,
Amritsar,12/12/2025,39.22,75.57,81,Satisfactory,,,,,,,,,,
Amritsar,12/13/2025,41.36,79.85,77,Satisfactory,,,,,,,,,,
Amritsar,12/14/2025,40.96,75.26,79,Satisfactory,,,,,,,,,,
Amritsar,12/15/2025,35.44,63.1,84,Satisfactory,,,,,,,,,,
Amritsar,12/16/2025,45.56,70.58,103,Moderate,,,,,,,,,,
Amritsar,12/17/2025,42.86,69.71,85,Satisfactory,,,,,,,,,,
Amritsar,12/18/2025,33.95,61.35,79,Satisfactory,,,,,,,,,,
Amritsar,12/19/2025,37.32,65.85,56,Satisfactory,,,,,,,,,,
Amritsar,12/20/2025,43.51,74.09,75,Satisfactory,,,,,,,,,,
Amritsar,12/21/2025,31.24,54.09,91,Satisfactory,,,,,,,,,,
Amritsar,12/22/2025,27.76,52.71,97,Satisfactory,,,,,,,,,,
Amritsar,12/23/2025,33.91,61.33,90,Satisfactory,,,,,,,,,,
Amritsar,12/24/2025,46.92,76.58,87,Satisfactory,,,,,,,,,,
Amritsar,12/25/2025,29.63,55.14,66,Satisfactory,,,,,,,,,,
Amritsar,12/26/2025,29.2,55.32,61,Satisfactory,,,,,,,,,,
Amritsar,12/27/2025,60.23,82.57,87,Satisfactory,,,,,,,,,,
Amritsar,12/28/2025,78.08,97.22,146,Moderate,,,,,,,,,,
Amritsar,12/29/2025,35,62.07,96,Satisfactory,,,,,,,,,,
Amritsar,12/30/2025,21.75,50.58,60,Satisfactory,,,,,,,,,,
Amritsar,12/31/2025,12.58,41.81,63,Satisfactory,,,,,,,,,,
